,ID,Статус
0,64996,4
1,71837,4
2,86587,-1
3,73673,3
4,54709,4
5,56072,3
6,77774,3
7,90707,-1
8,76202,4
9,74726,4
10,85593,-1
11,68559,3
12,87888,-1
13,87776,3
14,71695,3
15,74858,3
16,81454,3
17,52050,4
18,55383,4
19,80881,4
20,75272,3
21,70977,3
22,83986,4
23,77515,4
24,69855,4
25,82595,3
26,75650,4
27,86783,4
28,65316,-1
29,54182,4
30,74820,4
31,74462,3
32,45349,4
33,78573,3
34,77799,4
35,69634,4
36,54453,3
37,49321,3
38,51873,4
39,58345,3
40,85113,-1
41,67325,4
42,73410,3
43,82136,-1
44,70754,4
45,67922,3
46,83687,4
47,67030,3
48,65086,3
49,82182,3
50,77077,4
51,88374,-1
52,84428,3
53,77188,3
54,82117,4
55,47830,4
56,74598,3
57,86564,-1
58,92488,3
59,67573,4
60,65017,4
61,63530,3
62,49128,4
63,74592,4
64,82365,4
65,76524,-1
66,49420,4
67,57499,3
68,45673,3
69,51456,4
70,78732,4
71,76151,3
72,70006,4
73,45847,4
74,67697,4
75,72759,4
76,55629,3
77,66724,4
78,66385,3
79,50060,4
80,71127,3
81,55303,4
82,73003,4
83,72172,4
84,78492,4
85,70797,4
86,74728,-1
87,66824,4
88,65866,4
89,65969,3
90,77893,3
91,105274,3
92,49698,4
93,56829,4
94,52365,4
95,55505,3
96,54634,3
97,68798,3
98,81276,4
99,71587,4
100,55638,3
101,79669,4
102,75464,4
103,86953,3
104,65813,4
105,72270,4
106,83568,-1
107,67538,4
108,73074,3
109,66750,-1
110,55632,4
111,83020,-1
112,73699,4
113,67968,4
114,66775,4
115,77357,4
116,71030,4
117,48931,4
118,49903,4
119,45594,4
120,55310,3
121,58837,4
122,48585,4
123,54200,4
124,57201,4
125,84893,3
126,67693,3
127,86547,4
128,55473,4
129,81818,4
130,67785,4
131,87236,4
132,83598,3
133,55337,4
134,73167,4
135,90072,3
136,48290,4
137,89010,3
138,68728,4
139,71830,4
140,67660,4
141,78354,3
142,54819,3
143,88590,3
144,71481,4
145,49212,3
146,85697,4
147,88678,3
148,57442,4
149,66481,4
150,44964,4
151,88108,4
152,58021,3
153,73013,4
154,48604,4
155,74827,4
156,54950,3
157,81794,4
158,75800,4
159,80096,3
160,83918,3
161,68604,4
162,65385,4
163,73251,4
164,70295,4
165,72611,3
166,75017,-1
167,65062,3
168,56295,4
169,59718,4
170,54994,4
171,86413,-1
172,63511,4
173,91896,3
174,72810,4
175,55491,4
176,73499,4
177,82869,3
178,70730,3
179,67078,3
180,57716,4
181,79474,3
182,76937,4
183,86662,4
184,46811,4
185,83418,3
186,49158,3
187,67934,4
188,80392,4
189,71424,3
190,74414,4
191,76631,4
192,81650,4
193,70500,3
194,49463,4
195,72218,4
196,67512,4
197,75448,4
198,77997,4
199,81112,-1
200,84065,4
201,83146,-1
202,78325,4
203,48871,4
204,87997,4
205,47888,4
206,86862,3
207,86741,-1
208,67493,4
209,81402,4
210,76103,4
211,80094,4
212,69624,3
213,85094,-1
214,56728,3
215,88310,3
216,67369,4
217,87836,-1
218,68355,3
219,49954,3
220,81754,3
221,70104,4
222,91189,-1
223,52139,3
224,86779,4
225,55639,4
226,56812,3
227,70758,3
228,72712,4
229,67533,3
230,76017,4
231,83150,-1
232,71717,4
233,86570,3
234,55643,3
235,72023,4
236,70297,4
237,71798,4
238,55170,4
239,78498,4
240,82296,4
241,49323,3
242,65625,3
243,75351,4
244,66023,4
245,82326,4
246,77807,4
247,54538,4
248,92835,3
249,78565,3
250,56880,3
251,82425,4
252,66513,3
253,52907,4
254,70825,4
255,72299,3
256,77135,4
257,75161,4
258,66694,4
259,73502,4
260,84402,3
261,67036,3
262,46050,4
263,52159,4
264,78062,3
265,81387,4
266,85583,-1
267,51253,3
268,49172,3
269,47967,4
270,54102,3
271,54066,4
272,76115,-1
273,69762,4
274,65003,4
275,87837,4
276,55398,3
277,74513,4
278,74956,4
279,78758,4
280,84200,4
281,74768,3
282,58787,4
283,65048,4
284,75801,4
285,86332,4
286,70514,3
287,71716,4
288,53999,3
289,49236,3
290,68458,3
291,56639,3
292,66328,4
293,85731,3
294,77833,3
295,74559,3
296,78025,4
297,76871,4
298,83596,3
299,92181,3
300,63447,3
301,81534,4
302,67459,3
303,86770,3
304,85723,3
305,67207,4
306,70826,4
307,67654,4
308,82131,3
309,49967,3
310,72512,4
311,65182,4
312,71326,4
313,49298,3
314,47879,4
315,67784,4
316,90901,-1
317,67722,4
318,70225,4
319,69619,4
320,72641,4
321,51900,4
322,74707,4
323,54304,3
324,84763,-1
325,69957,4
326,76845,4
327,86589,4
328,49955,4
329,89717,-1
330,52920,3
331,74635,4
332,71313,-1
333,70757,4
334,89691,3
335,89723,-1
336,81445,4
337,76750,4
338,84814,3
339,86147,4
340,71632,4
341,81960,4
342,75765,4
343,74418,4
344,65829,4
345,78536,4
346,70187,4
347,77171,4
348,47818,4
349,65099,4
350,72199,4
351,74312,4
352,65407,3
353,49759,4
354,81105,3
355,73133,4
356,59730,3
357,86956,3
358,85028,3
359,89176,3
360,70674,4
361,66350,4
362,77214,3
363,81779,4
364,88017,-1
365,78827,4
366,67224,4
367,56640,3
368,56957,4
369,67907,4
370,87686,-1
371,70369,4
372,86718,3
373,71181,4
374,76418,4
375,46109,4
376,50139,4
377,66327,4
378,88535,3
379,66980,4
380,71743,4
381,65057,4
382,57360,4
383,73766,3
384,88427,3
385,55961,4
386,87060,3
387,50614,3
388,48432,4
389,66530,4
390,65115,4
391,74734,4
392,81367,4
393,49859,4
394,69879,4
395,67262,3
396,47355,4
397,73658,4
398,52147,4
399,86798,4
400,70126,4
401,71757,4
402,50845,4
403,87675,-1
404,81664,4
405,77199,3
406,70284,4
407,72228,4
408,49775,4
409,101751,3
410,86388,-1
411,88634,3
412,56195,3
413,82837,3
414,75287,4
415,70323,4
416,68757,3
417,67170,4
418,66740,4
419,84083,4
420,67067,4
421,68665,4
422,54864,4
423,67112,3
424,107228,3
425,46675,3
426,81332,4
427,70775,4
428,70509,3
429,73108,4
430,55388,4
431,85738,3
432,54402,4
433,88303,4
434,73028,3
435,86986,-1
436,66353,4
437,83655,3
438,72589,4
439,66939,4
440,47974,4
441,84187,4
442,78508,3
443,74918,4
444,71444,4
445,67612,4
446,67855,3
447,85704,4
448,70780,4
449,81741,4
450,67161,3
451,47038,3
452,90319,3
453,65315,3
454,57160,3
455,76290,3
456,65529,3
457,78504,3
458,92359,-1
459,67955,4
460,65170,3
461,67729,3
462,48159,4
463,79612,3
464,73481,4
465,76425,4
466,55676,3
467,90970,3
468,76285,3
469,82418,4
470,66070,4
471,67393,3
472,88107,4
473,78617,4
474,90588,3
475,74776,3
476,49505,4
477,72597,4
478,58385,4
479,65777,3
480,49811,4
481,58307,4
482,75676,4
483,71523,4
484,74823,4
485,70455,4
486,90292,-1
487,77786,3
488,78883,3
489,67053,3
490,79421,3
491,77528,4
492,48390,4
493,106682,3
494,71982,4
495,91191,3
496,83934,4
497,72858,4
498,54316,4
499,56893,4
500,65138,4
501,69958,4
502,71762,4
503,84661,3
504,83200,3
505,71294,4
506,83960,3
507,90759,3
508,88183,4
509,82429,4
510,52370,4
511,83696,3
512,76072,4
513,77858,4
514,57323,4
515,58812,4
516,83591,3
517,70107,4
518,54806,3
519,77669,3
520,46911,3
521,65930,4
522,71769,4
523,75215,4
524,83818,4
525,75493,4
526,92518,3
527,48854,4
528,81162,3
529,48832,3
530,45338,4
531,71959,4
532,67218,3
533,74446,4
534,85130,3
535,70025,4
536,48422,4
537,92670,3
538,57444,4
539,50851,4
540,113374,3
541,65563,3
542,86794,4
543,76193,4
544,66227,4
545,93258,3
546,83767,-1
547,75973,3
548,77091,4
549,51802,4
550,47044,3
551,77179,4
552,66158,3
553,81062,3
554,86572,4
555,66721,4
556,66175,4
557,72746,4
558,70243,4
559,82795,3
560,51658,4
561,83339,3
562,54317,4
563,65990,4
564,74713,4
565,77291,4
566,49807,4
567,49443,3
568,86356,3
569,76484,4
570,71504,4
571,90465,-1
572,75077,4
573,90011,3
574,74386,4
575,54190,4
576,70413,4
577,87030,4
578,48408,4
579,52027,4
580,77826,4
581,67066,4
582,69839,3
583,50072,4
584,67254,4
585,50350,4
586,66140,4
587,74539,4
588,82323,4
589,88022,3
590,71207,4
591,49799,4
592,82352,3
593,50285,4
594,71449,4
595,49527,4
596,78398,4
597,67011,4
598,71279,4
599,74761,4
600,75419,4
601,81246,4
602,65386,3
603,81371,4
604,87933,3
605,66745,4
606,58828,3
607,55665,4
608,64921,3
609,81825,-1
610,65806,4
611,86529,4
612,52320,3
613,55115,4
614,76707,3
615,44819,4
616,77044,3
617,58802,4
618,45841,4
619,84951,3
620,83790,4
621,58894,4
622,48529,4
623,55154,4
624,48835,4
625,54466,4
626,92603,3
627,81123,4
628,65419,4
629,83685,4
630,69010,3
631,68239,4
632,55460,4
633,70900,4
634,83245,4
635,88299,3
636,78264,4
637,87202,4
638,86100,4
639,72239,4
640,66987,4
641,66432,4
642,70548,4
643,49494,4
644,72291,4
645,66872,4
646,74733,4
647,65809,4
648,70385,4
649,57328,4
650,75720,4
651,48799,4
652,70543,3
653,83525,4
654,75485,4
655,86988,-1
656,75704,4
657,82689,3
658,75105,3
659,75304,4
660,69955,4
661,75936,3
662,82448,4
663,86646,4
664,52378,4
665,68335,4
666,49395,3
667,86781,4
668,49224,3
669,67840,4
670,68867,4
671,85865,3
672,72625,4
673,55490,4
674,71170,3
675,69837,4
676,49464,4
677,70486,3
678,72784,4
679,69712,3
680,71977,4
681,69849,3
682,55633,4
683,72707,4
684,57168,4
685,90445,-1
686,56886,3
687,73760,3
688,51489,4
689,71662,3
690,91991,3
691,56767,4
692,68423,3
693,81533,4
694,70718,4
695,66072,4
696,83917,3
697,78610,4
698,92529,3
699,76224,4
700,68128,4
701,84453,3
702,74899,4
703,55630,4
704,68411,4
705,67049,4
706,67041,3
707,57704,4
708,48857,4
709,44948,4
710,66528,4
711,65438,3
712,71399,4
713,81823,-1
714,71876,3
715,55463,4
716,73252,4
717,80772,3
718,75237,4
719,54874,4
720,55617,4
721,77017,4
722,76872,-1
723,77791,4
724,72372,3
725,49971,4
726,45484,3
727,78361,4
728,81667,3
729,72176,4
730,90605,-1
731,71248,3
732,78476,4
733,70410,3
734,76435,4
735,57251,4
736,49209,4
737,91011,3
738,71636,4
739,45880,4
740,92180,3
741,71340,4
742,85115,3
743,67423,4
744,75025,3
745,51023,4
746,49287,3
747,67388,4
748,52170,3
749,78549,3
750,71782,4
751,68565,3
752,88672,3
753,90704,-1
754,57802,4
755,56842,4
756,87496,3
757,71825,3
758,70171,3
759,47872,4
760,70777,4
761,82339,3
762,72844,4
763,83647,4
764,49297,3
765,71395,4
766,51187,4
767,87241,4
768,70695,4
769,49743,3
770,87119,4
771,59722,4
772,49712,4
773,51062,3
774,81410,4
775,88674,4
776,70077,4
777,76250,3
778,83248,4
779,59695,4
780,88705,3
781,74428,4
782,88091,4
783,75029,4
784,66299,3
785,66805,4
786,67643,4
787,77750,4
788,59013,4
789,48160,3
790,68144,4
791,45254,4
792,66526,4
793,54187,4
794,69759,4
795,74330,3
796,66823,4
797,59723,4
798,74487,3
799,67630,4
800,54131,4
801,83266,4
802,45592,4
803,67732,4
804,86712,3
805,79829,3
806,51738,4
807,72637,3
808,84412,4
809,55418,4
810,83419,3
811,83551,3
812,57941,3
813,51729,4
814,70308,4
815,56832,3
816,72842,4
817,45774,4
818,75286,4
819,82826,3
820,67997,3
821,85896,3
822,45112,4
823,57170,3
824,72420,4
825,49434,3
826,81524,3
827,79360,3
828,67611,4
829,72750,3
830,46072,3
831,75353,4
832,66129,4
833,56771,4
834,77024,3
835,70913,3
836,77803,4
837,84070,4
838,81207,4
839,49156,4
840,88253,4
841,56007,4
842,76615,4
843,106991,3
844,58850,4
845,65896,4
846,74291,4
847,55159,4
848,68160,4
849,86745,3
850,73705,4
851,76264,4
852,79822,3
853,88490,3
854,75344,3
855,75569,3
856,70277,3
857,72094,4
858,78567,3
859,67648,4
860,67240,3
861,87309,4
862,65283,3
863,70654,-1
864,87864,4
865,65423,3
866,71697,4
867,50113,4
868,67225,4
869,68865,3
870,56862,4
871,76563,4
872,70859,4
873,49729,3
874,90785,3
875,84464,4
876,92689,-1
877,72153,4
878,74868,4
879,102122,3
880,56197,3
881,76617,4
882,67839,4
883,81448,4
884,74285,3
885,88514,-1
886,81792,4
887,69582,3
888,82209,-1
889,51141,4
890,72283,4
891,46046,4
892,85066,3
893,49303,3
894,75349,3
895,72154,4
896,75805,4
897,72559,4
898,48445,-1
899,71330,3
900,72998,3
901,72809,4
902,74911,4
903,72236,4
904,82325,4
905,72593,4
906,44844,4
907,82155,3
908,76655,4
909,75240,3
910,50885,4
911,83686,4
912,80176,4
913,75184,4
914,78515,4
915,71681,4
916,71962,4
917,87249,4
918,76260,4
919,86367,3
920,71541,4
921,76152,3
922,71700,3
923,76820,4
924,81855,3
925,63525,3
926,82512,3
927,45817,4
928,53205,3
929,57509,3
930,70709,4
931,49789,3
932,49473,3
933,89640,3
934,78635,3
935,66421,4
936,57393,3
937,67870,4
938,65215,4
939,74682,3
940,85721,3
941,68735,4
942,66633,4
943,72401,4
944,83970,4
945,81804,4
946,75483,4
947,72461,3
948,88824,3
949,77509,4
950,88138,4
951,74722,4
952,78435,3
953,76334,4
954,77827,4
955,47611,4
956,65785,-1
957,76728,3
958,71353,4
959,65227,3
960,75535,4
961,84442,3
962,48602,4
963,70204,4
964,75369,4
965,50071,4
966,71928,4
967,71561,4
968,84846,3
969,76231,4
970,49551,4
971,86516,3
972,76958,4
973,71888,4
974,72620,4
975,81272,4
976,49509,3
977,76313,4
978,79951,4
979,72537,4
980,90755,3
981,80173,3
982,76511,4
983,51479,4
984,70653,3
985,83703,4
986,56682,3
987,84261,4
988,75302,3
989,69408,3
990,45401,4
991,87962,3
992,65267,3
993,75069,4
994,72167,4
995,72718,4
996,55448,4
997,73449,3
998,77089,4
999,51500,4
1000,77527,4
1001,72521,4
1002,55431,4
1003,71910,4
1004,48426,4
1005,83756,-1
1006,49769,4
1007,68422,4
1008,66954,4
1009,75745,3
1010,90066,3
1011,70031,4
1012,71492,4
1013,76445,3
1014,56607,4
1015,73045,4
1016,71535,4
1017,64961,3
1018,70571,4
1019,57372,4
1020,55929,3
1021,51775,4
1022,87711,3
1023,74923,4
1024,83136,4
1025,73242,4
1026,57556,4
1027,51477,4
1028,65197,4
1029,66478,4
1030,70177,3
1031,68217,4
1032,77463,4
1033,65575,4
1034,79197,4
1035,66145,4
1036,86134,4
1037,50005,4
1038,76361,3
1039,65957,3
1040,106152,3
1041,82779,3
1042,51190,4
1043,55378,3
1044,70763,4
1045,55640,3
1046,85861,3
1047,86475,-1
1048,74533,4
1049,76496,4
1050,65512,4
1051,81530,4
1052,45751,4
1053,83666,3
1054,81563,3
1055,49218,3
1056,52161,4
1057,72580,4
1058,54302,4
1059,67689,3
1060,45333,4
1061,56732,4
1062,90696,3
1063,71304,4
1064,74429,4
1065,58377,4
1066,75609,4
1067,74523,3
1068,57386,3
1069,84000,4
1070,68120,4
1071,44846,4
1072,54153,4
1073,53087,3
1074,70360,3
1075,72421,4
1076,65549,4
1077,44953,3
1078,59123,4
1079,56745,3
1080,67083,3
1081,86568,3
1082,67767,4
1083,49269,4
1084,68826,4
1085,49457,4
1086,77051,4
1087,56953,3
1088,49495,4
1089,71660,4
1090,75732,4
1091,71465,3
1092,72013,4
1093,65421,4
1094,65255,4
1095,75771,4
1096,65960,3
1097,90278,3
1098,57494,3
1099,88166,4
1100,87163,-1
1101,76539,4
1102,76862,4
1103,66684,3
1104,90658,-1
1105,82626,-1
1106,70426,3
1107,67354,4
1108,71934,3
1109,74851,4
1110,70679,4
1111,57443,4
1112,68299,4
1113,76035,4
1114,91510,3
1115,81352,4
1116,48808,4
1117,76086,3
1118,50941,3
1119,45619,4
1120,67921,4
1121,75171,3
1122,67651,4
1123,86171,4
1124,59553,4
1125,67535,3
1126,46053,4
1127,72686,4
1128,82168,4
1129,49737,4
1130,74769,4
1131,83449,4
1132,54890,4
1133,74329,3
1134,67996,3
1135,76341,4
1136,101902,3
1137,77359,4
1138,86302,-1
1139,47349,4
1140,45332,3
1141,71751,4
1142,77432,4
1143,66971,3
1144,59002,3
1145,68392,4
1146,73144,3
1147,78662,4
1148,83536,4
1149,82241,4
1150,78749,4
1151,73005,4
1152,63552,4
1153,56983,4
1154,67490,4
1155,49127,3
1156,71667,4
1157,85713,4
1158,76548,4
1159,71154,3
1160,75144,4
1161,75667,4
1162,78410,4
1163,75235,4
1164,50661,3
1165,87886,-1
1166,65815,4
1167,48516,4
1168,77732,3
1169,67466,3
1170,74384,3
1171,49578,4
1172,45358,4
1173,56960,4
1174,82707,3
1175,65117,4
1176,51151,4
1177,75095,3
1178,75126,3
1179,72116,-1
1180,65441,3
1181,50037,4
1182,48842,4
1183,71536,4
1184,73640,4
1185,74894,4
1186,64943,3
1187,66758,4
1188,69728,-1
1189,49541,4
1190,83391,3
1191,83843,4
1192,84033,4
1193,75949,4
1194,53927,3
1195,103967,3
1196,71870,4
1197,88095,4
1198,75390,-1
1199,75488,4
1200,71061,3
1201,68057,4
1202,53831,3
1203,77635,3
1204,86404,-1
1205,49488,3
1206,73107,4
1207,74431,3
1208,75137,4
1209,83091,3
1210,76148,3
1211,47887,4
1212,65415,4
1213,73180,4
1214,76507,4
1215,88176,3
1216,68822,3
1217,77836,4
1218,87196,3
1219,87132,3
1220,66431,4
1221,75828,4
1222,67308,3
1223,70102,4
1224,86634,4
1225,56901,4
1226,49205,4
1227,84779,3
1228,66407,3
1229,51206,4
1230,77695,4
1231,89732,3
1232,81163,3
1233,66209,4
1234,80933,3
1235,76979,4
1236,51502,3
1237,87773,3
1238,87834,4
1239,66533,4
1240,74804,-1
1241,69053,4
1242,66281,4
1243,74846,4
1244,73188,4
1245,71823,3
1246,75367,4
1247,49797,3
1248,77760,4
1249,49616,4
1250,71559,4
1251,70708,4
1252,76299,-1
1253,66982,3
1254,57817,4
1255,65584,4
1256,65258,4
1257,74270,4
1258,71334,4
1259,55479,4
1260,67046,4
1261,71062,3
1262,73763,4
1263,50913,3
1264,75536,4
1265,66839,3
1266,104094,3
1267,68662,4
1268,52918,4
1269,67102,3
1270,50303,4
1271,86240,-1
1272,83662,4
1273,48532,4
1274,91728,3
1275,45402,3
1276,67685,4
1277,87271,3
1278,67858,4
1279,84841,3
1280,82104,4
1281,77945,4
1282,72026,4
1283,78695,3
1284,66547,4
1285,67594,4
1286,88185,4
1287,67398,4
1288,66649,4
1289,75000,4
1290,83908,-1
1291,65555,4
1292,67264,3
1293,81691,-1
1294,87446,3
1295,76640,4
1296,70874,4
1297,67282,4
1298,75550,3
1299,81457,3
1300,83563,3
1301,51451,4
1302,82433,4
1303,82499,3
1304,70751,4
1305,68692,3
1306,55950,4
1307,56303,4
1308,77249,3
1309,55470,4
1310,56029,3
1311,78753,4
1312,50151,4
1313,77870,-1
1314,83310,4
1315,67386,4
1316,68820,3
1317,57552,3
1318,49787,3
1319,78754,4
1320,92451,3
1321,67951,4
1322,52144,4
1323,45279,3
1324,56977,4
1325,73136,3
1326,45710,3
1327,88581,3
1328,70787,4
1329,56948,3
1330,82472,4
1331,67570,4
1332,76977,4
1333,86647,-1
1334,72161,4
1335,67150,3
1336,69086,3
1337,66215,4
1338,71108,4
1339,50847,4
1340,74378,4
1341,82455,3
1342,83797,4
1343,45913,4
1344,76074,3
1345,79194,4
1346,57438,4
1347,74336,4
1348,66468,4
1349,89235,3
1350,50273,4
1351,71679,4
1352,89733,3
1353,52115,3
1354,66124,4
1355,49680,4
1356,69659,4
1357,87131,4
1358,76738,4
1359,72869,3
1360,81567,3
1361,67527,4
1362,86618,4
1363,72109,4
1364,77478,4
1365,74953,4
1366,70155,4
1367,89799,3
1368,59527,4
1369,82994,3
1370,66796,3
1371,63527,4
1372,45322,4
1373,68987,3
1374,92439,3
1375,49542,4
1376,56023,4
1377,72969,4
1378,68122,3
1379,84308,3
1380,81245,3
1381,77518,4
1382,70670,4
1383,81690,-1
1384,81532,-1
1385,71459,4
1386,49189,3
1387,66593,4
1388,65399,3
1389,84719,3
1390,76839,4
1391,74392,4
1392,58118,3
1393,65165,4
1394,82788,3
1395,84046,4
1396,59683,4
1397,92245,3
1398,72633,4
1399,76515,-1
1400,70610,4
1401,67888,3
1402,72196,4
1403,45262,3
1404,66563,4
1405,66002,4
1406,74806,4
1407,92973,3
1408,86162,-1
1409,75308,4
1410,46944,4
1411,82675,4
1412,50359,4
1413,72900,4
1414,81412,4
1415,88903,3
1416,81375,4
1417,83532,4
1418,69919,4
1419,92936,3
1420,83716,3
1421,82171,4
1422,71049,4
1423,77712,4
1424,73099,3
1425,79663,3
1426,58288,3
1427,77546,4
1428,71744,4
1429,86888,-1
1430,71641,3
1431,75820,4
1432,76189,4
1433,46671,3
1434,49258,3
1435,49657,4
1436,72980,4
1437,66622,4
1438,90482,3
1439,70703,3
1440,66062,4
1441,79755,3
1442,71390,4
1443,65974,3
1444,70478,4
1445,69888,3
1446,76008,4
1447,74609,4
1448,51720,4
1449,65922,4
1450,72626,4
1451,66896,4
1452,51824,4
1453,69701,4
1454,46983,3
1455,69820,3
1456,84239,4
1457,76085,4
1458,73070,3
1459,56967,3
1460,49618,4
1461,77015,4
1462,82621,4
1463,68199,4
1464,90372,-1
1465,66243,3
1466,74355,4
1467,80591,3
1468,65166,4
1469,83915,3
1470,74743,4
1471,49259,3
1472,55428,4
1473,51203,4
1474,72678,4
1475,84188,4
1476,86118,4
1477,76899,4
1478,49378,4
1479,70821,4
1480,50801,3
1481,72068,4
1482,55369,4
1483,84448,3
1484,67070,3
1485,72079,4
1486,52267,3
1487,49670,4
1488,71203,4
1489,82680,4
1490,71605,4
1491,76635,4
1492,78320,4
1493,76965,4
1494,51332,4
1495,89370,3
1496,77862,3
1497,76565,3
1498,70372,3
1499,78467,3
1500,66520,4
1501,68444,4
1502,71461,4
1503,81267,4
1504,67664,4
1505,71571,3
1506,66505,-1
1507,86837,3
1508,80888,4
1509,70830,-1
1510,58258,4
1511,91034,3
1512,85413,3
1513,88328,-1
1514,69821,4
1515,44790,4
1516,81176,-1
1517,81718,3
1518,56765,4
1519,57929,3
1520,75276,3
1521,49937,3
1522,51891,4
1523,45820,4
1524,71385,4
1525,70732,3
1526,66035,4
1527,72569,4
1528,55173,4
1529,89865,3
1530,75627,3
1531,88196,4
1532,78886,3
1533,77944,4
1534,70805,4
1535,49788,3
1536,44789,4
1537,71935,4
1538,92185,3
1539,59019,4
1540,74762,4
1541,73011,3
1542,54178,4
1543,48171,3
1544,75633,4
1545,56966,4
1546,54054,4
1547,77062,4
1548,68404,4
1549,77552,4
1550,72990,-1
1551,81365,4
1552,90020,3
1553,70495,3
1554,76545,4
1555,86925,3
1556,77107,4
1557,50348,4
1558,65798,3
1559,71715,4
1560,44915,4
1561,87407,3
1562,67331,3
1563,89950,3
1564,75383,3
1565,75933,4
1566,90457,3
1567,67301,3
1568,80818,3
1569,65835,3
1570,49485,3
1571,74457,4
1572,68227,3
1573,77046,4
1574,88394,-1
1575,85696,4
1576,50291,3
1577,52029,4
1578,49540,4
1579,72150,4
1580,72080,-1
1581,49911,4
1582,70021,4
1583,81560,3
1584,58063,4
1585,55123,4
1586,86829,4
1587,65577,4
1588,68732,4
1589,77143,3
1590,65964,3
1591,90480,3
1592,84085,4
1593,65248,4
1594,68659,3
1595,69007,4
1596,72778,3
1597,65999,4
1598,82654,3
1599,69569,3
1600,66027,4
1601,67179,4
1602,88349,3
1603,58855,4
1604,68887,4
1605,82348,3
1606,76986,4
1607,77920,4
1608,84885,3
1609,92040,3
1610,56093,3
1611,76140,4
1612,70466,4
1613,66251,4
1614,51045,3
1615,74900,4
1616,70168,3
1617,81781,4
1618,63529,4
1619,71592,4
1620,86612,-1
1621,73101,3
1622,47425,4
1623,68511,4
1624,81809,4
1625,73303,3
1626,50422,3
1627,51359,4
1628,47435,4
1629,87023,4
1630,57253,3
1631,53046,3
1632,75469,4
1633,54192,4
1634,89721,3
1635,73436,4
1636,55341,4
1637,81119,4
1638,72025,4
1639,77620,4
1640,70878,4
1641,72166,4
1642,81681,3
1643,76354,3
1644,82916,3
1645,71949,4
1646,68650,4
1647,88892,3
1648,71801,4
1649,47443,3
1650,65260,4
1651,66377,4
1652,86102,4
1653,68279,4
1654,84069,4
1655,67604,3
1656,77139,4
1657,78265,4
1658,86775,-1
1659,69719,3
1660,71148,4
1661,79835,4
1662,57370,4
1663,75358,4
1664,55420,3
1665,81395,4
1666,52397,3
1667,90043,-1
1668,70651,-1
1669,75328,4
1670,81420,3
1671,55287,4
1672,75185,4
1673,82504,4
1674,81815,3
1675,56905,4
1676,88046,4
1677,49731,4
1678,65825,4
1679,51725,4
1680,71139,4
1681,66738,3
1682,76093,4
1683,75423,4
1684,78104,4
1685,81605,3
1686,66383,4
1687,66420,4
1688,66085,4
1689,51731,3
1690,63545,4
1691,67074,4
1692,48180,4
1693,71753,4
1694,66239,4
1695,82341,4
1696,65633,3
1697,66111,4
1698,72418,3
1699,77811,4
1700,88298,4
1701,77141,4
1702,86803,4
1703,77983,4
1704,65651,3
1705,82664,4
1706,88485,3
1707,81443,3
1708,66506,4
1709,69875,4
1710,91383,-1
1711,56922,3
1712,67313,3
1713,56839,4
1714,46209,3
1715,72519,4
1716,81032,3
1717,63316,3
1718,74405,4
1719,56304,4
1720,71426,3
1721,48161,3
1722,50843,4
1723,85638,4
1724,66125,4
1725,72662,4
1726,47763,3
1727,55315,4
1728,75408,4
1729,67029,3
1730,51460,4
1731,45461,4
1732,72603,3
1733,58830,4
1734,56001,4
1735,66290,4
1736,79594,-1
1737,71549,4
1738,83745,3
1739,52089,3
1740,55396,4
1741,51165,4
1742,70116,4
1743,71431,4
1744,51329,4
1745,86555,-1
1746,49931,4
1747,81409,4
1748,83560,4
1749,74938,4
1750,72531,4
1751,65406,3
1752,76992,4
1753,54285,3
1754,75688,3
1755,55641,4
1756,73164,4
1757,47647,4
1758,77166,4
1759,76505,4
1760,51192,4
1761,52885,4
1762,66036,4
1763,86512,4
1764,56823,3
1765,70157,3
1766,93076,-1
1767,67484,4
1768,48398,4
1769,69708,4
1770,83846,4
1771,49481,3
1772,81531,4
1773,58561,4
1774,45729,4
1775,71675,4
1776,76948,4
1777,65496,4
1778,87074,3
1779,71836,3
1780,69765,4
1781,71501,3
1782,86619,-1
1783,51462,4
1784,59721,4
1785,71813,4
1786,71602,3
1787,70601,3
1788,69887,3
1789,47388,3
1790,44602,3
1791,173750,3
1792,57841,3
1793,80810,3
1794,83465,-1
1795,66702,3
1796,59810,4
1797,45583,4
1798,78873,4
1799,70694,4
1800,73464,3
1801,81326,3
1802,85019,-1
1803,65857,3
1804,87835,4
1805,76081,4
1806,70658,4
1807,77229,3
1808,70386,4
1809,64447,4
1810,71729,4
1811,57383,4
1812,58026,3
1813,57177,4
1814,71666,4
1815,51145,4
1816,75816,4
1817,86351,-1
1818,81888,-1
1819,83836,4
1820,72538,3
1821,49116,4
1822,59561,4
1823,88155,3
1824,83185,3
1825,52140,4
1826,86411,-1
1827,65959,3
1828,76019,4
1829,75470,4
1830,71382,3
1831,50311,4
1832,65456,3
1833,70844,4
1834,88390,-1
1835,56592,4
1836,68647,4
1837,81161,-1
1838,67868,3
1839,47825,4
1840,58815,4
1841,85118,3
1842,71746,4
1843,84279,-1
1844,70710,4
1845,57167,3
1846,70420,4
1847,53229,3
1848,80945,3
1849,77263,3
1850,68152,4
1851,55654,4
1852,81069,3
1853,66039,4
1854,67413,4
1855,82816,3
1856,50064,4
1857,86379,-1
1858,74197,3
1859,84107,4
1860,72327,4
1861,48395,4
1862,47353,4
1863,84063,4
1864,52400,3
1865,88186,4
1866,83112,4
1867,68327,4
1868,72472,3
1869,66348,4
1870,65971,3
1871,55058,4
1872,75315,3
1873,70942,4
1874,48302,4
1875,66842,3
1876,70788,3
1877,74599,4
1878,69834,4
1879,70782,4
1880,66698,4
1881,47015,4
1882,82284,4
1883,56762,4
1884,68074,4
1885,70428,4
1886,81967,3
1887,75764,4
1888,58368,3
1889,72908,4
1890,89405,-1
1891,57159,3
1892,75045,4
1893,86128,4
1894,79416,3
1895,92350,3
1896,76173,4
1897,50027,4
1898,82487,3
1899,71086,4
1900,55971,3
1901,82084,3
1902,56637,4
1903,80914,4
1904,49985,3
1905,66399,4
1906,75164,4
1907,88129,4
1908,75628,3
1909,72264,4
1910,45252,4
1911,72667,4
1912,54847,4
1913,79350,3
1914,80556,-1
1915,85444,3
1916,87775,3
1917,74167,4
1918,58593,3
1919,65398,4
1920,82960,3
1921,51466,4
1922,69999,3
1923,59705,4
1924,54418,3
1925,49884,4
1926,71252,3
1927,73134,4
1928,81413,4
1929,65461,4
1930,81554,3
1931,74357,4
1932,74959,3
1933,55090,4
1934,70760,4
1935,70366,4
1936,55311,4
1937,49702,4
1938,55387,4
1939,74805,4
1940,82580,3
1941,83256,3
1942,63327,3
1943,77815,4
1944,51333,4
1945,72983,3
1946,75341,3
1947,67300,4
1948,75334,3
1949,51806,3
1950,81368,4
1951,104527,3
1952,64911,4
1953,44990,4
1954,89849,3
1955,70220,4
1956,56747,4
1957,75406,4
1958,68850,3
1959,70377,4
1960,81322,3
1961,49753,4
1962,83802,4
1963,87059,3
1964,47401,4
1965,47399,4
1966,72152,4
1967,44822,3
1968,73254,3
1969,67068,3
1970,86141,4
1971,65096,3
1972,78303,4
1973,68706,3
1974,56879,3
1975,72433,4
1976,77031,4
1977,75578,4
1978,106456,3
1979,52160,4
1980,71493,4
1981,49901,4
1982,74271,4
1983,84309,4
1984,86540,4
1985,70667,4
1986,56814,3
1987,89634,3
1988,75930,4
1989,65414,3
1990,72340,3
1991,68778,3
1992,81833,4
1993,82663,3
1994,50001,4
1995,86310,-1
1996,68396,4
1997,85939,-1
1998,82422,4
1999,71455,4
2000,54044,4
2001,77622,4
2002,67783,4
2003,65471,3
2004,67626,4
2005,74376,4
2006,76196,4
2007,81290,4
2008,51159,4
2009,82331,4
2010,69616,4
2011,53108,3
2012,76913,4
2013,80851,3
2014,71168,4
2015,50867,4
2016,66603,4
2017,83742,-1
2018,65286,4
2019,84240,4
2020,70049,4
2021,49847,4
2022,72164,4
2023,84872,3
2024,72814,4
2025,77727,4
2026,63426,4
2027,72032,4
2028,55436,4
2029,77081,4
2030,71291,4
2031,71234,4
2032,80699,3
2033,52172,3
2034,49141,4
2035,47709,3
2036,50143,4
2037,68291,3
2038,89391,3
2039,71644,3
2040,71917,4
2041,83747,4
2042,67075,4
2043,65578,4
2044,87941,3
2045,71897,4
2046,77612,4
2047,85145,3
2048,74425,4
2049,68414,4
2050,85658,3
2051,44923,4
2052,72399,4
2053,83151,4
2054,72681,4
2055,55509,4
2056,54794,3
2057,84229,3
2058,84044,4
2059,70324,4
2060,47606,4
2061,70017,4
2062,59709,4
2063,67945,3
2064,55065,4
2065,66211,-1
2066,56593,4
2067,76957,4
2068,88821,3
2069,75112,4
2070,77871,4
2071,48347,4
2072,69047,4
2073,68573,-1
2074,56904,3
2075,72744,3
2076,66670,4
2077,45593,4
2078,81427,4
2079,84127,3
2080,56019,4
2081,73038,3
2082,86344,3
2083,87021,4
2084,59697,4
2085,51669,4
2086,76940,4
2087,78396,4
2088,82384,4
2089,72989,-1
2090,49184,4
2091,75104,4
2092,67160,3
2093,90627,3
2094,75717,4
2095,88810,3
2096,69597,3
2097,85666,3
2098,78698,4
2099,68321,4
2100,55035,3
2101,73415,4
2102,67750,4
2103,89940,3
2104,68219,4
2105,87974,3
2106,72618,4
2107,45864,3
2108,74927,4
2109,63559,3
2110,71638,3
2111,65028,4
2112,48979,4
2113,70570,4
2114,65306,4
2115,48579,4
2116,68880,3
2117,70183,4
2118,67477,4
2119,68897,4
2120,71135,4
2121,49905,4
2122,84392,3
2123,80689,-1
2124,65619,3
2125,71803,4
2126,76034,3
2127,83115,4
2128,56845,3
2129,45632,4
2130,73217,3
2131,66325,4
2132,59710,4
2133,65317,4
2134,69832,4
2135,58491,4
2136,75246,4
2137,65007,4
2138,57174,4
2139,57787,4
2140,55595,4
2141,45596,4
2142,66907,3
2143,67139,4
2144,47093,4
2145,81051,-1
2146,48556,4
2147,55621,3
2148,89410,-1
2149,70881,4
2150,90706,-1
2151,49643,4
2152,67358,4
2153,71573,4
2154,79879,3
2155,82639,4
2156,81832,4
2157,68981,4
2158,76584,3
2159,75672,4
2160,92990,3
2161,76453,3
2162,68356,-1
2163,77560,3
2164,67589,4
2165,76522,-1
2166,88167,4
2167,74298,4
2168,87718,3
2169,50320,4
2170,55987,3
2171,58562,3
2172,59636,3
2173,74984,-1
2174,77399,4
2175,73139,3
2176,49765,4
2177,51158,3
2178,73135,4
2179,49615,4
2180,78267,4
2181,46894,4
2182,84150,4
2183,56818,3
2184,65106,3
2185,57135,-1
2186,65979,4
2187,81279,4
2188,81432,3
2189,81678,-1
2190,72050,4
2191,69816,3
2192,91584,-1
2193,88184,4
2194,51503,4
2195,48846,4
2196,59673,4
2197,49633,3
2198,67986,4
2199,56974,4
2200,70691,4
2201,65348,3
2202,77113,3
2203,49274,3
2204,72487,4
2205,78867,4
2206,84424,3
2207,71947,4
2208,85627,4
2209,66102,4
2210,66540,4
2211,48298,4
2212,91165,3
2213,65435,3
2214,55344,4
2215,73463,3
2216,57329,4
2217,56875,4
2218,88733,3
2219,81738,4
2220,106104,-1
2221,67914,4
2222,75355,4
2223,51148,4
2224,55587,4
2225,77897,-1
2226,71384,3
2227,80217,4
2228,67578,4
2229,56635,3
2230,84394,4
2231,67961,4
2232,66183,4
2233,57145,3
2234,55132,4
2235,72144,4
2236,68739,4
2237,83447,-1
2238,68240,4
2239,83762,-1
2240,49644,3
2241,49249,3
2242,87827,4
2243,82438,4
2244,51494,4
2245,67430,3
2246,81341,4
2247,56919,3
2248,67688,4
2249,84264,4
2250,48809,4
2251,69876,3
2252,65802,3
2253,48362,4
2254,49462,4
2255,81361,3
2256,58859,4
2257,76031,3
2258,81793,4
2259,68440,3
2260,77005,4
2261,55461,3
2262,66866,4
2263,87256,4
2264,69679,3
2265,68997,4
2266,49779,4
2267,58316,3
2268,56969,4
2269,50148,4
2270,56597,3
2271,70205,4
2272,75058,4
2273,72492,4
2274,50076,3
2275,75270,3
2276,49599,4
2277,72670,4
2278,70866,4
2279,84396,3
2280,88135,4
2281,85909,3
2282,65567,4
2283,88007,-1
2284,55922,4
2285,69512,3
2286,67335,4
2287,88580,3
2288,54237,3
2289,51081,3
2290,86220,3
2291,44982,4
2292,69015,4
2293,75175,3
2294,75279,3
2295,65492,4
2296,52030,4
2297,72478,4
2298,74573,3
2299,74922,4
2300,69864,4
2301,52083,4
2302,67392,4
2303,76330,4
2304,70242,4
2305,45373,4
2306,75784,3
2307,55357,4
2308,75841,3
2309,77334,4
2310,52306,4
2311,74356,4
2312,70084,4
2313,67348,3
2314,64990,4
2315,81869,3
2316,76380,3
2317,55513,4
2318,83127,4
2319,75020,-1
2320,63317,3
2321,66949,4
2322,67739,3
2323,65598,4
2324,81143,-1
2325,56022,4
2326,83758,-1
2327,70512,4
2328,118375,3
2329,58017,3
2330,68958,3
2331,82439,4
2332,55347,4
2333,65838,4
2334,80701,3
2335,66647,4
2336,83582,3
2337,70845,4
2338,84236,4
2339,76529,4
2340,55426,4
2341,71081,4
2342,65495,4
2343,49492,4
2344,76860,4
2345,77834,4
2346,84422,3
2347,72278,4
2348,71505,4
2349,52156,4
2350,68054,3
2351,53856,3
2352,90862,3
2353,71557,4
2354,56292,4
2355,77273,4
2356,74547,3
2357,90302,-1
2358,86580,3
2359,69895,3
2360,51251,4
2361,72057,4
2362,76047,4
2363,76995,4
2364,75855,4
2365,67735,4
2366,57179,4
2367,47809,4
2368,83825,3
2369,65061,4
2370,52012,4
2371,75188,4
2372,67928,4
2373,65772,-1
2374,71023,4
2375,67071,4
2376,44808,4
2377,54980,4
2378,77272,3
2379,55968,3
2380,49206,3
2381,82312,3
2382,55338,4
2383,81160,-1
2384,49852,4
2385,52133,4
2386,65792,4
2387,71989,4
2388,77096,4
2389,80757,-1
2390,75462,4
2391,90573,-1
2392,92896,3
2393,66677,4
2394,49383,4
2395,70914,4
2396,81787,3
2397,77970,4
2398,74419,4
2399,69650,4
2400,72765,4
2401,64913,3
2402,74593,4
2403,71848,4
2404,64970,3
2405,66786,4
2406,91695,3
2407,92355,-1
2408,49145,3
2409,75262,4
2410,74652,4
2411,71229,4
2412,50906,3
2413,80500,3
2414,49448,3
2415,81774,3
2416,48450,4
2417,78009,4
2418,83645,4
2419,75016,-1
2420,66403,3
2421,86684,4
2422,66143,4
2423,86366,4
2424,47584,4
2425,71875,4
2426,76580,3
2427,82187,4
2428,54179,4
2429,81857,3
2430,75825,4
2431,76726,4
2432,67367,4
2433,81615,3
2434,71547,4
2435,58019,3
2436,71250,4
2437,55218,3
2438,73425,3
2439,55339,3
2440,68271,4
2441,77054,4
2442,83754,3
2443,57800,4
2444,67140,4
2445,65589,4
2446,50844,4
2447,50296,4
2448,76099,4
2449,72284,4
2450,75998,3
2451,67420,4
2452,84103,4
2453,49850,4
2454,77196,3
2455,81677,-1
2456,67670,4
2457,65591,4
2458,55162,4
2459,49998,3
2460,73718,3
2461,70882,4
2462,55468,4
2463,72337,-1
2464,75065,4
2465,80835,3
2466,73008,4
2467,87830,4
2468,70180,4
2469,82643,4
2470,51471,4
2471,70259,4
2472,67895,4
2473,54068,3
2474,66618,4
2475,70947,3
2476,70809,3
2477,47815,4
2478,49417,3
2479,76483,4
2480,66054,3
2481,72929,4
2482,53092,4
2483,46303,4
2484,76595,3
2485,78562,4
2486,77172,4
2487,66927,4
2488,65787,-1
2489,77670,3
2490,57261,4
2491,73131,4
2492,75821,4
2493,81251,4
2494,48385,4
2495,81735,4
2496,68951,4
2497,71682,4
2498,69811,4
2499,50663,3
2500,76274,3
2501,83642,4
2502,90354,-1
2503,46946,4
2504,66142,4
2505,58530,3
2506,73225,3
2507,45741,4
2508,70737,3
2509,88286,4
2510,55618,3
2511,74627,4
2512,88323,3
2513,71396,4
2514,50346,4
2515,56778,4
2516,70853,4
2517,73416,3
2518,90334,-1
2519,66893,4
2520,55454,4
2521,73094,3
2522,72482,4
2523,76323,3
2524,66496,4
2525,67663,4
2526,92842,3
2527,48848,4
2528,50322,4
2529,82864,3
2530,65128,4
2531,73651,4
2532,72226,4
2533,73155,4
2534,45749,4
2535,70608,3
2536,79349,3
2537,66936,4
2538,77840,4
2539,68316,4
2540,45750,4
2541,68060,3
2542,70560,3
2543,67704,3
2544,79665,3
2545,76918,4
2546,67292,4
2547,75449,3
2548,75760,4
2549,48063,3
2550,85560,3
2551,75256,4
2552,71377,3
2553,57815,4
2554,69516,3
2555,49961,3
2556,82985,3
2557,74836,3
2558,77247,3
2559,82328,4
2560,72853,4
2561,74691,-1
2562,70590,4
2563,90586,3
2564,66359,4
2565,81011,3
2566,74169,4
2567,81437,4
2568,71046,3
2569,65133,4
2570,77244,3
2571,64985,4
2572,87072,4
2573,84169,3
2574,56741,3
2575,67942,3
2576,69682,4
2577,90795,-1
2578,82349,4
2579,66723,4
2580,70591,3
2581,73276,-1
2582,87746,3
2583,90343,3
2584,65819,4
2585,91829,-1
2586,75420,4
2587,71060,4
2588,67268,4
2589,80548,-1
2590,57747,4
2591,86358,4
2592,76593,4
2593,68829,3
2594,55333,4
2595,76203,4
2596,57447,4
2597,45700,4
2598,69631,3
2599,81556,4
2600,54311,4
2601,66852,4
2602,76050,4
2603,76903,4
2604,82880,4
2605,86127,4
2606,80564,3
2607,88332,-1
2608,81239,3
2609,57381,4
2610,84383,4
2611,52889,4
2612,72305,4
2613,89081,3
2614,71134,4
2615,70688,4
2616,49312,4
2617,51493,4
2618,86968,4
2619,74187,3
2620,66017,4
2621,55452,4
2622,73035,4
2623,84119,4
2624,58502,3
2625,82631,-1
2626,85461,3
2627,65858,4
2628,45680,4
2629,76641,4
2630,74803,4
2631,78405,4
2632,83903,3
2633,73047,3
2634,77212,3
2635,75770,4
2636,76753,4
2637,66160,4
2638,83517,-1
2639,67957,4
2640,65008,3
2641,70028,4
2642,81590,3
2643,74629,4
2644,83755,-1
2645,45604,4
2646,65378,4
2647,48788,4
2648,52887,4
2649,86143,3
2650,70549,3
2651,83130,4
2652,66003,4
2653,89878,-1
2654,49655,4
2655,74996,4
2656,86327,3
2657,68853,3
2658,71593,4
2659,73461,3
2660,69663,3
2661,81543,4
2662,66535,4
2663,65938,4
2664,81957,4
2665,74683,4
2666,77494,4
2667,73192,4
2668,87199,3
2669,81821,4
2670,65189,4
2671,71128,4
2672,83492,3
2673,52424,4
2674,82111,3
2675,67551,4
2676,193930,3
2677,81848,3
2678,76517,-1
2679,66935,4
2680,65129,4
2681,88275,4
2682,81388,4
2683,71407,4
2684,46951,4
2685,71065,4
2686,66386,3
2687,81768,4
2688,66120,4
2689,71783,4
2690,68019,4
2691,77440,4
2692,65161,4
2693,53851,4
2694,81925,3
2695,51254,3
2696,72946,3
2697,77068,3
2698,88655,3
2699,91140,3
2700,77763,4
2701,52340,3
2702,86635,4
2703,65181,4
2704,77225,4
2705,82830,4
2706,48169,4
2707,46098,4
2708,66597,4
2709,88840,3
2710,57858,3
2711,68104,4
2712,72702,4
2713,88800,4
2714,51899,3
2715,55411,4
2716,58298,3
2717,58606,4
2718,87469,-1
2719,77180,-1
2720,48476,4
2721,49580,3
2722,72530,4
2723,83121,4
2724,70124,4
2725,58499,4
2726,76070,4
2727,45672,4
2728,55086,4
2729,101503,3
2730,71040,4
2731,77794,3
2732,76013,4
2733,44992,3
2734,55608,3
2735,46090,3
2736,67175,3
2737,77313,4
2738,84389,4
2739,66515,3
2740,65552,3
2741,74368,4
2742,80889,4
2743,78605,4
2744,52097,4
2745,82432,4
2746,67581,3
2747,76893,3
2748,55134,4
2749,72159,3
2750,74505,4
2751,81250,4
2752,76306,-1
2753,65855,3
2754,65984,4
2755,66186,4
2756,66228,3
2757,51263,4
2758,67314,4
2759,49629,4
2760,77705,3
2761,86088,4
2762,82637,3
2763,90252,3
2764,67289,4
2765,55326,4
2766,68982,4
2767,85340,3
2768,74288,3
2769,49299,3
2770,82069,3
2771,72845,4
2772,71150,4
2773,71507,4
2774,72086,4
2775,71378,4
2776,50596,4
2777,71624,3
2778,58497,4
2779,78862,4
2780,45601,4
2781,78065,3
2782,70128,-1
2783,72314,4
2784,66792,4
2785,82445,4
2786,70381,4
2787,90660,-1
2788,65405,3
2789,54995,3
2790,57362,4
2791,67518,4
2792,74262,4
2793,51473,3
2794,80944,3
2795,67407,4
2796,68618,4
2797,47697,3
2798,49152,3
2799,71244,4
2800,67082,4
2801,51354,3
2802,75450,4
2803,72958,3
2804,83674,-1
2805,56908,3
2806,65046,3
2807,71175,4
2808,75336,3
2809,48836,4
2810,74309,4
2811,83336,3
2812,78657,4
2813,85707,4
2814,73426,4
2815,82476,3
2816,75451,4
2817,83664,4
2818,69906,4
2819,85681,4
2820,84101,4
2821,78892,4
2822,65655,4
2823,79195,4
2824,77899,-1
2825,58878,4
2826,81924,4
2827,45259,3
2828,82515,3
2829,66437,4
2830,85928,3
2831,65903,4
2832,65359,4
2833,84839,3
2834,88728,3
2835,81849,3
2836,73119,4
2837,67077,4
2838,79464,-1
2839,50286,3
2840,45753,4
2841,49310,4
2842,91804,3
2843,69804,3
2844,58024,3
2845,88162,-1
2846,72573,4
2847,88153,3
2848,47833,4
2849,48318,4
2850,84473,3
2851,77274,3
2852,66653,4
2853,86375,-1
2854,75403,4
2855,85283,-1
2856,73143,4
2857,47411,4
2858,50833,4
2859,67257,3
2860,77201,4
2861,65426,4
2862,81853,3
2863,47884,4
2864,71325,4
2865,88350,4
2866,48496,4
2867,68263,4
2868,86090,4
2869,70664,4
2870,74564,4
2871,52923,3
2872,92362,-1
2873,72773,4
2874,68734,3
2875,56777,3
2876,71042,4
2877,49559,4
2878,71310,4
2879,50808,4
2880,83809,3
2881,71054,4
2882,50668,3
2883,75154,4
2884,54305,3
2885,82466,4
2886,55229,3
2887,73077,3
2888,45389,3
2889,52408,3
2890,48340,4
2891,66094,4
2892,77085,4
2893,55960,4
2894,76439,4
2895,77734,3
2896,75473,4
2897,55990,4
2898,54151,4
2899,78505,3
2900,65320,-1
2901,64968,4
2902,70019,4
2903,68162,4
2904,57198,4
2905,85679,4
2906,86591,4
2907,55581,3
2908,86661,4
2909,68222,3
2910,77129,4
2911,69032,4
2912,55575,4
2913,48812,4
2914,93193,3
2915,57546,3
2916,83224,3
2917,76319,4
2918,76182,4
2919,74450,3
2920,84157,3
2921,66541,4
2922,72240,4
2923,73287,3
2924,68942,3
2925,48451,4
2926,74844,4
2927,73663,3
2928,67000,4
2929,66084,4
2930,78418,4
2931,65013,4
2932,86354,-1
2933,58602,4
2934,48405,4
2935,71295,3
2936,73427,4
2937,66884,4
2938,66300,3
2939,54314,4
2940,71064,4
2941,81302,4
2942,65976,3
2943,65965,3
2944,88530,3
2945,80999,3
2946,69998,4
2947,75844,4
2948,68326,4
2949,65950,3
2950,92849,3
2951,66991,4
2952,84425,3
2953,72408,4
2954,76588,4
2955,57348,3
2956,92109,3
2957,72039,4
2958,74586,3
2959,55959,3
2960,66169,4
2961,51238,3
2962,72063,4
2963,92068,3
2964,66048,4
2965,71544,4
2966,81000,3
2967,70761,4
2968,83437,-1
2969,58952,4
2970,71714,3
2971,56813,4
2972,92147,3
2973,67936,3
2974,72653,4
2975,68676,4
2976,56820,4
2977,66894,4
2978,84198,4
2979,47608,3
2980,68211,3
2981,88633,3
2982,74344,3
2983,56772,3
2984,56787,4
2985,66739,3
2986,83955,4
2987,71579,4
2988,66044,4
2989,85943,3
2990,88137,4
2991,82981,3
2992,76865,-1
2993,82656,4
2994,69873,4
2995,85591,-1
2996,72229,4
2997,64976,3
2998,72664,4
2999,49305,3
3000,81537,4
3001,83855,3
3002,53164,3
3003,88431,-1
3004,74914,3
3005,52361,4
3006,73060,4
3007,67676,3
3008,74848,4
3009,52094,4
3010,75291,3
3011,70398,4
3012,67214,4
3013,65050,4
3014,76433,4
3015,72336,4
3016,56987,4
3017,86979,3
3018,67885,4
3019,77978,4
3020,68786,4
3021,75853,4
3022,58020,3
3023,51409,3
3024,58295,3
3025,50926,3
3026,65890,4
3027,86545,4
3028,84516,3
3029,73061,4
3030,77130,4
3031,72151,4
3032,71778,4
3033,49246,3
3034,88442,3
3035,70513,4
3036,47886,4
3037,66664,4
3038,75150,4
3039,48301,4
3040,51511,4
3041,86582,4
3042,49661,4
3043,71793,4
3044,72703,4
3045,81529,4
3046,69874,3
3047,59725,3
3048,74575,3
3049,51030,4
3050,72802,4
3051,87617,3
3052,49669,3
3053,73652,4
3054,49854,4
3055,56923,4
3056,63502,4
3057,70477,3
3058,76211,4
3059,77048,4
3060,82250,3
3061,63539,4
3062,84291,4
3063,69711,4
3064,81301,4
3065,90685,3
3066,81899,3
3067,72992,-1
3068,76638,4
3069,76261,4
3070,52113,4
3071,91349,3
3072,88534,3
3073,83122,4
3074,87829,4
3075,70013,4
3076,53106,3
3077,74338,3
3078,70630,4
3079,71275,4
3080,83538,4
3081,65995,4
3082,87468,-1
3083,56710,3
3084,75746,4
3085,89219,3
3086,50937,3
3087,69726,4
3088,56298,4
3089,58507,4
3090,55670,4
3091,49826,3
3092,65292,4
3093,65924,4
3094,84245,3
3095,71616,4
3096,90116,3
3097,55071,4
3098,75049,4
3099,49608,4
3100,54632,3
3101,67661,4
3102,52007,3
3103,85866,3
3104,75084,4
3105,82089,3
3106,74745,3
3107,90823,-1
3108,78623,4
3109,78271,4
3110,66157,3
3111,71499,4
3112,57350,3
3113,77256,3
3114,88163,-1
3115,71706,4
3116,87055,3
3117,51189,4
3118,67756,4
3119,66133,4
3120,70247,4
3121,49433,3
3122,68834,3
3123,69498,4
3124,84390,3
3125,81360,4
3126,65293,4
3127,87999,4
3128,70559,3
3129,49772,4
3130,76864,4
3131,67564,4
3132,45362,4
3133,86312,-1
3134,84434,3
3135,56833,3
3136,82459,3
3137,76910,4
3138,68329,4
3139,77246,3
3140,51273,4
3141,66139,3
3142,69950,4
3143,88380,4
3144,47603,4
3145,66449,4
3146,45686,4
3147,49845,4
3148,64958,4
3149,80959,3
3150,56740,4
3151,66110,4
3152,49986,4
3153,65336,4
3154,55379,4
3155,66117,4
3156,82173,4
3157,66453,4
3158,45403,3
3159,77992,4
3160,70454,4
3161,53301,4
3162,73456,4
3163,51713,4
3164,55458,3
3165,70080,4
3166,83845,4
3167,86209,-1
3168,67768,4
3169,75371,4
3170,67317,4
3171,52372,3
3172,92039,3
3173,72360,-1
3174,50855,3
3175,67650,4
3176,68177,3
3177,50856,4
3178,75103,4
3179,76028,3
3180,59708,3
3181,45655,4
3182,71497,3
3183,79619,3
3184,71513,4
3185,104460,3
3186,83542,4
3187,69019,3
3188,75135,3
3189,47646,4
3190,86198,3
3191,101186,3
3192,54992,3
3193,80977,3
3194,82385,4
3195,51197,4
3196,86157,4
3197,78906,-1
3198,78019,4
3199,66765,4
3200,86566,3
3201,66688,4
3202,68292,4
3203,83768,4
3204,71342,4
3205,69966,4
3206,66289,4
3207,66550,4
3208,76044,4
3209,58508,4
3210,88113,4
3211,70395,3
3212,75382,3
3213,81446,4
3214,86396,-1
3215,82856,3
3216,48879,4
3217,75400,3
3218,84918,-1
3219,66992,4
3220,85633,3
3221,84138,4
3222,75702,3
3223,83860,3
3224,55415,4
3225,52102,4
3226,54802,3
3227,68569,3
3228,75195,4
3229,70072,-1
3230,67276,4
3231,67678,4
3232,50020,3
3233,85539,3
3234,76904,4
3235,65929,4
3236,65010,4
3237,70523,3
3238,76902,-1
3239,67005,3
3240,68561,3
3241,82885,4
3242,76233,4
3243,84099,4
3244,84022,4
3245,86514,4
3246,71080,4
3247,65187,4
3248,66037,4
3249,68110,4
3250,87274,3
3251,76853,3
3252,72843,4
3253,65222,4
3254,69020,4
3255,67171,3
3256,67702,3
3257,87811,3
3258,44955,4
3259,86145,4
3260,50813,4
3261,51463,4
3262,49824,4
3263,77781,4
3264,74954,4
3265,88347,4
3266,72495,4
3267,75071,4
3268,87111,4
3269,69785,4
3270,66060,4
3271,54799,3
3272,74304,4
3273,71222,4
3274,50950,3
3275,75692,4
3276,69831,3
3277,57227,3
3278,55596,4
3279,65564,4
3280,81751,3
3281,68085,4
3282,49960,4
3283,72390,4
3284,51213,4
3285,45339,4
3286,88278,4
3287,86692,-1
3288,74165,4
3289,68436,4
3290,75796,4
3291,45707,4
3292,91665,3
3293,91173,3
3294,70012,4
3295,70722,4
3296,76784,4
3297,81023,3
3298,78694,4
3299,92347,3
3300,68416,4
3301,65917,4
3302,71846,4
3303,75379,3
3304,69854,4
3305,72793,3
3306,88346,3
3307,45086,4
3308,51518,4
3309,56755,3
3310,51427,4
3311,71844,4
3312,78907,3
3313,71000,3
3314,45835,4
3315,46919,4
3316,72751,4
3317,78858,3
3318,91310,3
3319,64951,4
3320,86383,4
3321,48284,4
3322,77519,4
3323,68134,3
3324,75347,4
3325,67500,3
3326,54933,3
3327,84446,4
3328,82488,4
3329,71123,4
3330,81930,4
3331,51356,4
3332,75363,3
3333,47864,4
3334,77749,4
3335,81726,4
3336,83049,3
3337,75002,4
3338,66406,4
3339,73271,-1
3340,66769,4
3341,51506,4
3342,72449,4
3343,87265,3
3344,79962,3
3345,65032,4
3346,49920,3
3347,74931,4
3348,75397,3
3349,84162,3
3350,69929,3
3351,77075,3
3352,86817,4
3353,83848,4
3354,77522,4
3355,65894,4
3356,47082,4
3357,67411,4
3358,84318,-1
3359,45024,4
3360,55171,3
3361,84361,3
3362,81916,-1
3363,83570,4
3364,45863,4
3365,45367,4
3366,76519,-1
3367,52028,4
3368,75331,4
3369,49532,4
3370,90898,-1
3371,74901,4
3372,84684,-1
3373,77500,4
3374,67306,4
3375,65016,4
3376,65901,4
3377,72254,4
3378,73467,3
3379,71659,3
3380,83981,4
3381,65112,3
3382,77782,4
3383,77524,4
3384,66457,4
3385,76866,-1
3386,65265,4
3387,55667,3
3388,70432,4
3389,70053,-1
3390,51423,4
3391,77617,3
3392,70801,3
3393,68852,4
3394,89596,-1
3395,81659,4
3396,87863,3
3397,83862,3
3398,81045,3
3399,74444,3
3400,73235,3
3401,82180,3
3402,68533,4
3403,86992,4
3404,75710,4
3405,68173,4
3406,73080,3
3407,49239,3
3408,68195,4
3409,67598,4
3410,45359,4
3411,78071,3
3412,81398,4
3413,85563,3
3414,58955,3
3415,72322,4
3416,47853,4
3417,70237,4
3418,48343,4
3419,49467,4
3420,83817,4
3421,75712,4
3422,74426,3
3423,83954,4
3424,65373,4
3425,48338,4
3426,73268,-1
3427,72849,3
3428,86315,-1
3429,57711,3
3430,55320,4
3431,92041,3
3432,91808,3
3433,66181,3
3434,76570,3
3435,88182,3
3436,67365,4
3437,47765,4
3438,68713,4
3439,70916,4
3440,65583,4
3441,71604,4
3442,57326,4
3443,46650,4
3444,76930,4
3445,77018,3
3446,74416,4
3447,82096,4
3448,44930,4
3449,85644,3
3450,45997,4
3451,81229,-1
3452,80831,3
3453,74719,3
3454,88799,4
3455,76518,3
3456,52047,4
3457,72831,4
3458,77401,4
3459,57181,4
3460,77146,4
3461,57355,4
3462,86628,4
3463,76881,4
3464,71747,3
3465,88308,4
3466,76553,3
3467,75556,4
3468,49975,4
3469,76506,4
3470,71850,4
3471,78596,4
3472,88201,4
3473,82516,3
3474,75149,4
3475,74517,3
3476,67588,4
3477,65163,4
3478,75056,3
3479,82694,3
3480,77074,4
3481,71711,3
3482,68515,4
3483,86176,4
3484,67378,4
3485,90207,3
3486,65203,4
3487,52039,4
3488,75960,4
3489,87198,3
3490,74852,4
3491,76775,4
3492,71538,4
3493,76566,4
3494,77127,4
3495,71530,4
3496,65287,4
3497,67940,3
3498,66118,4
3499,57843,3
3500,75756,4
3501,48195,4
3502,84102,4
3503,55003,3
3504,66192,4
3505,71565,4
3506,49149,3
3507,58612,4
3508,90053,3
3509,76929,4
3510,106559,3
3511,90248,3
3512,83064,3
3513,87189,4
3514,75742,4
3515,81316,4
3516,48164,4
3517,68328,4
3518,50040,4
3519,70888,4
3520,65076,3
3521,72139,3
3522,72968,4
3523,47424,4
3524,71221,4
3525,49235,3
3526,67706,3
3527,86499,4
3528,45600,3
3529,84357,3
3530,70579,4
3531,76985,4
3532,45807,4
3533,75587,4
3534,73002,3
3535,76150,4
3536,69643,3
3537,82768,3
3538,73494,4
3539,57371,3
3540,71118,4
3541,72304,4
3542,49652,4
3543,75167,4
3544,71933,4
3545,73286,-1
3546,75604,4
3547,54228,3
3548,89364,3
3549,75004,4
3550,50806,4
3551,81837,3
3552,49438,4
3553,72524,3
3554,70530,4
3555,74855,4
3556,78436,4
3557,67873,3
3558,44639,3
3559,82652,-1
3560,73249,4
3561,76825,4
3562,69567,3
3563,77270,4
3564,74822,4
3565,66552,4
3566,64941,4
3567,70488,4
3568,86896,-1
3569,70248,4
3570,69803,4
3571,64933,3
3572,58501,3
3573,70598,3
3574,52392,3
3575,52235,3
3576,67631,4
3577,50306,4
3578,75292,4
3579,82514,4
3580,67887,4
3581,51003,3
3582,90702,-1
3583,90346,-1
3584,72295,4
3585,72202,4
3586,73264,-1
3587,74483,3
3588,72375,3
3589,83355,4
3590,47714,3
3591,72940,4
3592,55366,4
3593,54284,4
3594,75833,4
3595,78395,4
3596,66623,4
3597,65247,3
3598,74815,4
3599,74532,3
3600,80817,3
3601,69964,4
3602,71869,4
3603,84006,4
3604,54993,4
3605,71929,4
3606,75132,4
3607,75703,4
3608,81079,3
3609,89641,3
3610,65851,4
3611,77564,3
3612,76793,4
3613,81729,4
3614,70522,3
3615,75963,4
3616,66785,3
3617,75648,4
3618,76157,4
3619,82620,4
3620,86755,-1
3621,92149,3
3622,51000,4
3623,71853,4
3624,90873,3
3625,85770,-1
3626,66646,4
3627,77082,4
3628,64401,4
3629,86549,3
3630,77148,3
3631,75129,3
3632,66915,3
3633,76326,4
3634,80975,3
3635,76609,3
3636,84477,3
3637,89303,3
3638,69069,3
3639,88256,3
3640,67777,3
3641,74413,4
3642,72338,3
3643,51449,4
3644,54197,4
3645,65839,4
3646,57496,3
3647,71351,3
3648,67546,3
3649,58599,4
3650,50862,3
3651,88363,-1
3652,90689,3
3653,74670,4
3654,72136,4
3655,76043,3
3656,69806,4
3657,82156,-1
3658,67486,4
3659,70287,4
3660,52528,3
3661,56763,3
3662,49940,3
3663,67969,4
3664,66231,4
3665,78521,-1
3666,67374,3
3667,77304,4
3668,65194,4
3669,65918,3
3670,49883,4
3671,92331,3
3672,71687,4
3673,65914,4
3674,69819,4
3675,68265,4
3676,91852,-1
3677,82461,4
3678,73159,4
3679,74756,3
3680,68738,4
3681,87451,3
3682,71951,4
3683,81545,4
3684,69730,3
3685,66245,4
3686,81113,3
3687,87610,3
3688,76658,4
3689,85948,3
3690,93165,3
3691,72265,3
3692,84206,4
3693,74316,3
3694,68616,4
3695,68073,4
3696,77744,4
3697,77507,4
3698,72207,4
3699,77442,3
3700,87308,4
3701,65506,4
3702,66223,4
3703,77566,3
3704,77235,-1
3705,69062,4
3706,83656,3
3707,67427,4
3708,78580,4
3709,70206,3
3710,73110,3
3711,86369,3
3712,77722,3
3713,56724,3
3714,76806,4
3715,69555,4
3716,77173,4
3717,88398,3
3718,69981,4
3719,83734,3
3720,74541,4
3721,67471,4
3722,63557,3
3723,55063,4
3724,80183,-1
3725,55970,3
3726,76331,-1
3727,45588,4
3728,74460,3
3729,54998,4
3730,55385,4
3731,66605,4
3732,69723,3
3733,73132,4
3734,72528,4
3735,80909,4
3736,81565,3
3737,93111,-1
3738,67918,4
3739,70735,4
3740,77770,4
3741,49524,4
3742,72260,4
3743,81254,4
3744,77646,3
3745,77241,-1
3746,46912,3
3747,49470,4
3748,82167,4
3749,75022,-1
3750,75042,4
3751,67090,3
3752,55176,4
3753,79198,4
3754,76454,4
3755,87110,-1
3756,55114,4
3757,55409,3
3758,67577,4
3759,66076,4
3760,49268,3
3761,92013,3
3762,72860,4
3763,80721,3
3764,85695,3
3765,92740,3
3766,75819,4
3767,69941,3
3768,68308,4
3769,58352,3
3770,45380,4
3771,49795,4
3772,107597,3
3773,76245,4
3774,66580,4
3775,57563,4
3776,70232,4
3777,71197,4
3778,86705,4
3779,48461,4
3780,81318,4
3781,72415,4
3782,81937,4
3783,78517,3
3784,86406,-1
3785,71241,4
3786,58579,4
3787,65853,4
3788,75697,4
3789,67856,4
3790,52310,3
3791,85008,3
3792,53874,4
3793,92941,3
3794,68568,3
3795,50876,3
3796,77055,4
3797,86654,4
3798,78564,3
3799,50277,4
3800,48840,3
3801,70039,-1
3802,81235,4
3803,73156,4
3804,78064,3
3805,51643,3
3806,66104,4
3807,72335,4
3808,84056,4
3809,49821,4
3810,66859,4
3811,68803,3
3812,70239,4
3813,74202,4
3814,56826,4
3815,65868,4
3816,93136,3
3817,77001,4
3818,51648,4
3819,82635,4
3820,74814,4
3821,75611,4
3822,71043,4
3823,71205,4
3824,84380,4
3825,91981,-1
3826,71019,3
3827,69699,4
3828,86569,-1
3829,55980,4
3830,49511,3
3831,54436,4
3832,77678,3
3833,77909,4
3834,55365,3
3835,59535,4
3836,67973,3
3837,63463,4
3838,71363,3
3839,56725,4
3840,74620,4
3841,76027,4
3842,52910,4
3843,70014,3
3844,49823,4
3845,51198,4
3846,76538,4
3847,65184,4
3848,78647,4
3849,52921,4
3850,66427,4
3851,77937,4
3852,65318,-1
3853,80149,3
3854,86648,4
3855,51598,4
3856,89693,3
3857,65466,4
3858,76154,4
3859,72490,4
3860,57540,3
3861,72747,4
3862,92344,3
3863,78315,4
3864,76327,3
3865,63536,4
3866,76912,4
3867,84774,-1
3868,88863,4
3869,87080,4
3870,71448,3
3871,63390,3
3872,68369,3
3873,68370,3
3874,55354,4
3875,70795,3
3876,55991,3
3877,67807,3
3878,88112,4
3879,70051,-1
3880,88996,3
3881,81268,4
3882,65783,-1
3883,71185,4
3884,84156,3
3885,71138,4
3886,71386,4
3887,59546,4
3888,67220,4
3889,84130,4
3890,66797,4
3891,84111,4
3892,56613,4
3893,57384,3
3894,52257,4
3895,72466,3
3896,67251,3
3897,76032,4
3898,68023,3
3899,72658,4
3900,78575,4
3901,85641,4
3902,58639,4
3903,72857,4
3904,80947,3
3905,76046,4
3906,81892,-1
3907,72578,3
3908,72100,4
3909,72465,4
3910,74934,4
3911,49843,4
3912,92364,-1
3913,67536,3
3914,81758,3
3915,58405,3
3916,56804,4
3917,67753,3
3918,88765,-1
3919,49708,4
3920,72568,4
3921,67267,4
3922,70498,4
3923,85442,3
3924,49135,3
3925,49214,3
3926,66173,4
3927,72333,4
3928,90451,-1
3929,72056,3
3930,71471,4
3931,74385,4
3932,76493,4
3933,113396,3
3934,72339,3
3935,87073,4
3936,75441,4
3937,70362,4
3938,69027,3
3939,72779,3
3940,71495,4
3941,86556,-1
3942,70151,3
3943,74853,4
3944,64949,4
3945,66151,4
3946,58317,4
3947,65302,4
3948,73417,3
3949,76286,3
3950,70340,4
3951,65098,3
3952,66774,3
3953,47096,4
3954,84761,3
3955,75338,3
3956,52650,4
3957,55010,4
3958,55376,4
3959,50140,4
3960,66309,4
3961,80934,3
3962,72704,3
3963,81133,3
3964,55543,3
3965,90579,3
3966,67556,3
3967,75273,3
3968,72126,-1
3969,74253,3
3970,88302,4
3971,86724,-1
3972,68985,4
3973,76952,4
3974,54174,4
3975,65024,4
3976,66553,4
3977,66752,4
3978,48453,4
3979,75289,4
3980,84462,4
3981,80585,-1
3982,82398,4
3983,53089,4
3984,66074,4
3985,83637,3
3986,89326,3
3987,59562,4
3988,65510,4
3989,86181,4
3990,85604,3
3991,70189,4
3992,75271,4
3993,45620,4
3994,66462,4
3995,86590,-1
3996,86842,3
3997,76155,-1
3998,51736,4
3999,68899,4
4000,88038,4
4001,54287,4
4002,58012,3
4003,113405,3
4004,49410,4
4005,56067,3
4006,63524,4
4007,68251,4
4008,66073,4
4009,67212,4
4010,58287,3
4011,73205,3
4012,69657,4
4013,67108,4
4014,88172,3
4015,49719,4
4016,88368,-1
4017,83812,3
4018,71004,4
4019,49431,4
4020,70677,4
4021,65237,4
4022,90742,3
4023,49667,3
4024,49832,4
4025,52128,4
4026,66902,4
4027,71281,4
4028,66090,4
4029,48878,4
4030,72859,4
4031,70033,4
4032,45343,3
4033,49219,3
4034,83993,4
4035,82374,4
4036,82411,4
4037,70449,4
4038,55169,4
4039,71611,4
4040,67682,4
4041,58420,4
4042,67474,3
4043,77820,4
4044,74568,3
4045,57548,3
4046,66200,4
4047,68752,3
4048,65347,3
4049,86670,4
4050,66778,4
4051,66788,4
4052,81715,3
4053,64912,4
4054,56851,4
4055,66928,4
4056,79823,4
4057,81458,3
4058,85992,3
4059,58820,3
4060,56736,3
4061,77197,3
4062,57324,4
4063,44966,4
4064,87304,4
4065,67434,4
4066,70325,4
4067,49658,4
4068,70282,4
4069,55345,4
4070,68372,3
4071,65900,4
4072,76683,3
4073,58776,4
4074,65443,3
4075,75744,4
4076,90600,-1
4077,67930,3
4078,74163,4
4079,84889,3
4080,56004,4
4081,77149,4
4082,81257,3
4083,67473,4
4084,56849,4
4085,70731,4
4086,81305,3
4087,76187,4
4088,66737,4
4089,67939,3
4090,81293,3
4091,70660,4
4092,71810,4
4093,72319,4
4094,49610,3
4095,67851,4
4096,72758,4
4097,86505,4
4098,71322,4
4099,87295,3
4100,103714,3
4101,49497,4
4102,82290,4
4103,69039,4
4104,65614,4
4105,70096,4
4106,68883,4
4107,67356,4
4108,52313,3
4109,88389,-1
4110,68097,4
4111,65179,4
4112,83866,3
4113,78693,3
4114,84026,4
4115,49213,3
4116,49162,4
4117,73430,4
4118,56872,4
4119,51879,3
4120,59674,4
4121,81136,-1
4122,86525,-1
4123,66587,4
4124,65198,4
4125,49564,3
4126,70174,3
4127,65572,3
4128,57161,3
4129,66588,4
4130,49242,3
4131,104838,3
4132,87483,3
4133,75506,4
4134,69065,4
4135,74466,3
4136,83550,4
4137,48484,4
4138,70627,4
4139,75169,3
4140,75515,4
4141,55304,3
4142,72447,4
4143,46100,4
4144,55306,4
4145,67080,3
4146,48591,4
4147,76973,4
4148,50088,3
4149,55380,4
4150,49866,4
4151,49887,4
4152,65966,3
4153,71018,4
4154,64757,4
4155,66675,3
4156,57932,3
4157,84358,4
4158,82529,3
4159,67233,3
4160,73200,3
4161,67027,3
4162,84090,4
4163,71946,4
4164,81315,4
4165,90983,3
4166,67038,4
4167,65641,4
4168,74887,4
4169,49285,3
4170,73956,4
4171,58050,4
4172,87267,3
4173,56021,4
4174,72912,4
4175,85580,3
4176,75571,4
4177,49109,4
4178,84183,4
4179,88456,3
4180,49923,4
4181,75337,3
4182,72127,4
4183,74161,4
4184,83441,-1
4185,65881,4
4186,82993,3
4187,76107,4
4188,79632,-1
4189,71704,4
4190,72961,4
4191,56998,4
4192,66409,4
4193,84023,4
4194,91580,-1
4195,65935,4
4196,45261,4
4197,67376,4
4198,49288,4
4199,79273,4
4200,66508,4
4201,66943,4
4202,70423,3
4203,67439,3
4204,72791,4
4205,65073,3
4206,50890,4
4207,67990,3
4208,90917,3
4209,76105,4
4210,47389,4
4211,59537,4
4212,77690,4
4213,75767,4
4214,56641,4
4215,49846,4
4216,82228,3
4217,48530,4
4218,89285,3
4219,68495,3
4220,87234,4
4221,59699,4
4222,67222,3
4223,76364,-1
4224,73709,3
4225,83364,4
4226,54417,4
4227,77907,4
4228,75955,3
4229,51819,4
4230,67575,4
4231,49461,3
4232,70910,4
4233,81767,3
4234,68453,4
4235,69756,4
4236,77412,4
4237,67906,4
4238,82696,3
4239,76541,3
4240,75583,-1
4241,54715,4
4242,55013,4
4243,52281,3
4244,83850,4
4245,91890,-1
4246,76879,-1
4247,74489,-1
4248,66632,4
4249,45609,3
4250,72460,4
4251,66314,4
4252,83541,4
4253,66050,4
4254,81722,4
4255,86112,4
4256,54320,4
4257,81719,3
4258,76758,4
4259,84247,4
4260,72832,4
4261,51130,4
4262,69034,4
4263,83247,-1
4264,70233,4
4265,49585,4
4266,52404,3
4267,66891,4
4268,81926,4
4269,80199,4
4270,74872,4
4271,81213,4
4272,75643,4
4273,79379,4
4274,82495,4
4275,70827,4
4276,67480,3
4277,78612,4
4278,50328,4
4279,76773,4
4280,65557,3
4281,48517,4
4282,55158,3
4283,65043,4
4284,74628,4
4285,46939,3
4286,50137,4
4287,49223,3
4288,51893,4
4289,83984,3
4290,81400,4
4291,81066,3
4292,72233,4
4293,47356,4
4294,70848,4
4295,85153,-1
4296,54996,4
4297,48549,4
4298,73507,3
4299,72058,4
4300,76757,4
4301,90518,3
4302,55943,4
4303,70538,3
4304,75038,4
4305,50859,4
4306,77122,4
4307,73149,3
4308,73175,4
4309,77406,4
4310,65380,3
4311,84115,4
4312,82534,4
4313,84203,4
4314,47101,4
4315,51185,4
4316,65276,4
4317,65846,4
4318,70142,4
4319,45345,4
4320,80827,3
4321,77109,4
4322,65220,4
4323,67373,4
4324,81004,3
4325,45253,4
4326,78542,3
4327,73090,3
4328,73685,3
4329,54286,4
4330,103267,3
4331,48454,4
4332,51178,4
4333,45692,4
4334,83037,3
4335,66584,4
4336,54796,4
4337,77436,4
4338,82510,4
4339,57923,4
4340,66484,4
4341,70752,4
4342,66394,3
4343,48474,4
4344,79345,3
4345,75060,4
4346,77034,4
4347,58619,4
4348,49489,4
4349,88500,3
4350,85439,3
4351,51483,4
4352,70158,3
4353,49133,4
4354,50873,3
4355,69845,4
4356,65217,4
4357,66696,4
4358,68878,4
4359,71531,4
4360,76480,4
4361,66678,4
4362,77218,3
4363,74681,4
4364,75776,4
4365,81404,4
4366,82183,4
4367,74611,4
4368,74908,4
4369,65330,4
4370,48882,4
4371,67375,4
4372,50841,4
4373,64919,4
4374,51892,4
4375,76059,4
4376,72407,4
4377,67403,4
4378,71319,4
4379,69677,4
4380,75325,4
4381,68633,4
4382,84282,4
4383,65882,4
4384,80956,3
4385,76131,4
4386,69817,4
4387,71748,4
4388,55477,4
4389,55143,3
4390,68712,4
4391,87009,4
4392,73081,3
4393,66604,4
4394,49241,4
4395,49831,4
4396,51437,4
4397,70768,4
4398,50935,3
4399,72329,4
4400,82829,3
4401,70111,4
4402,77621,4
4403,70661,3
4404,68295,4
4405,65331,4
4406,58833,4
4407,49959,4
4408,52135,4
4409,86119,4
4410,51400,4
4411,66793,4
4412,47374,3
4413,73696,3
4414,49981,4
4415,71327,4
4416,72276,4
4417,72742,4
4418,48293,4
4419,82490,3
4420,73755,3
4421,47391,4
4422,54894,4
4423,71584,4
4424,88086,4
4425,53123,3
4426,66476,4
4427,65442,3
4428,54051,4
4429,64402,4
4430,86066,3
4431,79279,4
4432,70165,3
4433,70589,4
4434,50124,3
4435,72644,4
4436,87540,3
4437,49876,3
4438,50035,4
4439,66589,4
4440,75566,3
4441,72776,3
4442,67242,3
4443,70520,3
4444,80979,3
4445,93277,3
4446,55588,4
4447,83830,4
4448,54991,4
4449,67001,3
4450,69846,4
4451,82865,3
4452,49177,4
4453,77205,4
4454,84241,4
4455,49159,4
4456,66141,4
4457,57482,3
4458,79335,4
4459,73741,3
4460,77735,4
4461,76180,4
4462,46651,4
4463,46054,4
4464,82532,4
4465,71838,4
4466,86588,4
4467,75727,4
4468,71463,4
4469,63558,4
4470,66673,4
4471,75320,3
4472,49784,4
4473,70358,-1
4474,68527,4
4475,75229,4
4476,75663,3
4477,65476,3
4478,74552,3
4479,73104,4
4480,68092,3
4481,70275,3
4482,76246,4
4483,65157,4
4484,49875,4
4485,79516,4
4486,53878,4
4487,74274,3
4488,52900,4
4489,49848,3
4490,73807,4
4491,74458,3
4492,49994,4
4493,65196,4
4494,72868,4
4495,75444,4
4496,76486,4
4497,55150,4
4498,45381,4
4499,72064,4
4500,70773,4
4501,84513,3
4502,66959,4
4503,73199,3
4504,83606,4
4505,88966,3
4506,87441,3
4507,77153,4
4508,70494,3
4509,83406,4
4510,45766,4
4511,91931,3
4512,67681,4
4513,76807,3
4514,69823,4
4515,75192,4
4516,45346,4
4517,72927,4
4518,49584,4
4519,76110,4
4520,81490,-1
4521,69798,4
4522,70332,4
4523,87007,4
4524,66067,4
4525,75496,4
4526,91994,3
4527,49500,3
4528,194044,3
4529,73466,3
4530,68277,4
4531,71305,4
4532,77916,4
4533,78920,4
4534,74303,4
4535,76014,4
4536,55074,4
4537,76438,4
4538,45335,4
4539,85691,4
4540,82660,3
4541,49620,4
4542,88109,4
4543,65544,4
4544,75116,4
4545,57377,3
4546,65551,3
4547,86848,-1
4548,81275,4
4549,76975,4
4550,72471,4
4551,82769,3
4552,66146,4
4553,73745,3
4554,54978,4
4555,67443,3
4556,68320,4
4557,76049,-1
4558,68150,4
4559,71822,4
4560,75741,4
4561,71648,3
4562,66711,4
4563,76867,4
4564,72543,4
4565,81152,4
4566,47725,3
4567,77685,4
4568,64926,3
4569,48588,4
4570,67448,3
4571,50275,4
4572,49793,3
4573,72574,3
4574,70214,4
4575,46624,4
4576,58794,4
4577,66461,4
4578,52402,3
4579,46091,4
4580,54060,4
4581,84433,3
4582,73490,3
4583,76722,4
4584,67757,3
4585,81281,4
4586,59681,4
4587,74958,4
4588,78379,4
4589,88343,3
4590,49222,3
4591,76482,4
4592,77741,4
4593,78836,4
4594,76981,4
4595,81917,3
4596,71380,3
4597,48586,4
4598,67707,4
4599,69692,3
4600,75088,4
4601,71365,4
4602,51346,4
4603,55073,4
4604,77498,4
4605,81001,3
4606,68791,3
4607,76664,4
4608,47860,4
4609,76284,4
4610,72437,3
4611,47727,3
4612,71430,4
4613,72382,3
4614,67825,4
4615,71029,4
4616,54846,4
4617,70946,4
4618,73485,4
4619,69899,3
4620,75815,4
4621,77175,3
4622,54814,4
4623,73678,3
4624,58335,4
4625,73489,3
4626,85513,3
4627,93130,3
4628,75439,3
4629,53128,4
4630,67275,4
4631,74839,3
4632,57725,4
4633,52522,4
4634,58780,4
4635,76531,4
4636,55213,3
4637,47865,4
4638,71992,3
4639,49459,3
4640,70103,3
4641,83913,3
4642,58322,3
4643,83796,4
4644,72629,4
4645,81824,4
4646,86860,3
4647,65160,4
4648,81135,-1
4649,70337,4
4650,74880,3
4651,50312,4
4652,71617,4
4653,90606,-1
4654,45249,4
4655,45654,3
4656,49001,4
4657,65300,4
4658,52366,3
4659,76747,3
4660,68273,4
4661,67081,3
4662,69911,3
4663,66001,4
4664,48893,4
4665,73168,4
4666,76350,4
4667,70169,4
4668,66361,4
4669,74700,3
4670,75680,3
4671,71818,4
4672,88150,4
4673,80560,3
4674,65540,4
4675,81617,3
4676,76789,4
4677,44828,4
4678,82364,4
4679,70949,4
4680,47982,4
4681,67064,4
4682,65264,3
4683,45708,4
4684,66881,4
4685,75333,3
4686,55324,4
4687,65880,4
4688,67832,3
4689,85491,-1
4690,54052,4
4691,76647,3
4692,68830,4
4693,75610,4
4694,67608,4
4695,65805,4
4696,74775,4
4697,73759,3
4698,67491,4
4699,65281,4
4700,91351,3
4701,83003,3
4702,80301,-1
4703,68898,4
4704,55399,4
4705,54061,3
4706,83923,3
4707,85683,4
4708,70281,4
4709,65469,3
4710,45323,4
4711,87216,4
4712,85026,-1
4713,67886,4
4714,82647,3
4715,49778,4
4716,83564,4
4717,70525,3
4718,90674,3
4719,56912,3
4720,74231,3
4721,67416,4
4722,73040,4
4723,52899,4
4724,67680,4
4725,69059,4
4726,74265,4
4727,74294,4
4728,67383,4
4729,49476,4
4730,87235,4
4731,45677,4
4732,77026,3
4733,87898,4
4734,48415,4
4735,81406,4
4736,49748,3
4737,86000,3
4738,51887,3
4739,78060,3
4740,83785,3
4741,71975,4
4742,71568,4
4743,86824,4
4744,59687,4
4745,75958,4
4746,77232,4
4747,66166,4
4748,52040,4
4749,74566,4
4750,81827,4
4751,56796,4
4752,78859,3
4753,77072,3
4754,93131,3
4755,83789,4
4756,55656,4
4757,82484,3
4758,77578,3
4759,70088,4
4760,70807,4
4761,86571,3
4762,56817,3
4763,75245,4
4764,86622,4
4765,71500,4
4766,81358,4
4767,65437,3
4768,67034,4
4769,83269,-1
4770,55060,4
4771,85110,3
4772,71189,3
4773,58510,4
4774,44961,4
4775,68276,4
4776,87251,4
4777,84224,3
4778,81745,4
4779,85872,3
4780,73216,3
4781,45773,3
4782,84235,3
4783,87644,3
4784,45690,4
4785,52100,4
4786,70132,-1
4787,45082,4
4788,70223,4
4789,86814,4
4790,53037,3
4791,91976,3
4792,93164,3
4793,77433,4
4794,86532,4
4795,58478,4
4796,58882,4
4797,65998,4
4798,71756,4
4799,83810,4
4800,70834,3
4801,81419,4
4802,50116,3
4803,70024,4
4804,68282,4
4805,87964,3
4806,57737,4
4807,76887,4
4808,72599,4
4809,71625,3
4810,56900,3
4811,45703,4
4812,77941,4
4813,90308,3
4814,57821,4
4815,69080,3
4816,87735,3
4817,49982,3
4818,66298,4
4819,104327,3
4820,82493,3
4821,76424,4
4822,75265,4
4823,63565,3
4824,80527,3
4825,75319,3
4826,58286,4
4827,67759,4
4828,75203,4
4829,58485,4
4830,66512,4
4831,70785,4
4832,74510,4
4833,49766,4
4834,86500,4
4835,68368,3
4836,71857,4
4837,55140,4
4838,86153,-1
4839,81386,4
4840,86552,-1
4841,51028,3
4842,51204,4
4843,57812,4
4844,52349,4
4845,71482,4
4846,67247,4
4847,56737,4
4848,64929,4
4849,70164,3
4850,85880,-1
4851,72253,3
4852,72215,4
4853,92986,3
4854,57064,4
4855,53853,4
4856,88215,3
4857,44783,4
4858,83794,4
4859,75260,4
4860,88202,4
4861,54230,3
4862,75543,3
4863,66049,4
4864,54050,4
4865,65791,4
4866,48423,3
4867,75298,4
4868,57409,4
4869,79262,3
4870,44936,4
4871,69707,3
4872,50033,4
4873,88125,3
4874,89817,3
4875,82372,4
4876,75428,4
4877,72054,4
4878,71067,4
4879,70967,4
4880,57973,4
4881,55004,3
4882,71560,4
4883,57741,4
4884,87259,4
4885,49539,4
4886,58373,3
4887,86664,4
4888,83219,-1
4889,80113,3
4890,68072,3
4891,66396,4
4892,86370,-1
4893,69044,4
4894,55152,4
4895,83123,4
4896,72984,4
4897,82492,4
4898,72475,4
4899,87299,3
4900,69622,3
4901,86482,-1
4902,49622,4
4903,77603,4
4904,68394,4
4905,47810,4
4906,87514,3
4907,85715,4
4908,73020,4
4909,71524,4
4910,85556,3
4911,71296,3
4912,73274,-1
4913,54997,4
4914,91541,3
4915,48493,4
4916,72877,4
4917,74437,3
4918,65253,3
4919,66362,4
4920,75673,4
4921,84806,3
4922,74701,3
4923,45085,4
4924,67054,3
4925,57449,3
4926,68516,4
4927,87226,4
4928,77008,4
4929,52042,4
4930,76351,3
4931,92083,3
4932,90813,3
4933,74492,3
4934,76909,4
4935,67639,4
4936,49225,4
4937,86163,4
4938,86840,-1
4939,81430,3
4940,83131,4
4941,74560,4
4942,67938,3
4943,67666,4
4944,90280,3
4945,51255,4
4946,90498,-1
4947,71165,4
4948,67096,4
4949,44944,4
4950,67333,3
4951,105869,3
4952,78817,4
4953,76452,4
4954,66885,4
4955,81766,4
4956,72532,4
4957,46079,4
4958,47086,4
4959,83144,-1
4960,77449,4
4961,80906,4
4962,67110,3
4963,68729,4
4964,78266,3
4965,75845,4
4966,84525,4
4967,48332,4
4968,65389,3
4969,81483,-1
4970,48172,4
4971,78576,3
4972,45079,4
4973,69173,3
4974,71350,4
4975,75145,4
4976,65139,3
4977,65832,4
4978,71070,3
4979,80891,3
4980,58475,3
4981,55984,3
4982,51406,4
4983,88044,4
4984,81248,3
4985,45772,4
4986,70326,4
4987,68864,3
4988,56909,3
4989,77233,4
4990,75174,4
4991,76704,3
4992,68077,4
4993,65436,3
4994,78384,4
4995,66208,4
4996,90648,3
4997,67364,4
4998,64936,4
4999,52886,4
5000,49179,3
5001,46447,4
5002,75945,4
5003,68794,4
5004,77317,4
5005,45393,3
5006,76905,4
5007,90899,-1
5008,68881,3
5009,75652,4
5010,79436,4
5011,79957,4
5012,57478,3
5013,69656,4
5014,76933,4
5015,68572,3
5016,52152,4
5017,70918,4
5018,66848,4
5019,82198,3
5020,69960,4
5021,48881,4
5022,65018,4
5023,88205,4
5024,70122,4
5025,71835,4
5026,72000,4
5027,70065,-1
5028,46628,3
5029,83709,4
5030,53149,3
5031,86613,4
5032,55390,4
5033,67163,3
5034,82289,3
5035,76932,4
5036,67452,4
5037,49190,4
5038,76281,3
5039,55382,4
5040,90687,3
5041,68823,4
5042,72529,4
5043,72848,4
5044,51512,4
5045,84257,4
5046,72553,4
5047,76513,4
5048,58319,4
5049,67035,4
5050,84137,4
5051,66993,4
5052,44921,4
5053,65395,4
5054,44916,4
5055,55989,3
5056,74834,4
5057,86567,3
5058,54296,4
5059,56806,4
5060,48355,4
5061,56809,4
5062,89275,3
5063,50010,3
5064,71773,4
5065,72355,-1
5066,83983,4
5067,90669,3
5068,86331,4
5069,71491,4
5070,72820,3
5071,70592,3
5072,51488,4
5073,54442,4
5074,58559,3
5075,84135,4
5076,74567,3
5077,92511,3
5078,84890,3
5079,49414,4
5080,86658,4
5081,65216,3
5082,72359,4
5083,47408,4
5084,58314,4
5085,83188,3
5086,56633,4
5087,83544,4
5088,72170,-1
5089,83417,3
5090,66495,4
5091,70552,3
5092,66491,4
5093,45666,4
5094,64971,3
5095,66492,4
5096,78860,3
5097,55386,4
5098,70971,4
5099,88324,3
5100,86140,4
5101,68232,4
5102,74711,3
5103,74842,4
5104,76481,4
5105,67494,3
5106,83209,3
5107,55942,3
5108,90870,3
5109,67010,3
5110,84062,4
5111,92078,3
5112,48811,4
5113,52013,3
5114,55671,4
5115,71796,3
5116,71034,4
5117,55440,4
5118,58474,4
5119,84196,3
5120,48886,4
5121,82615,3
5122,52095,3
5123,74509,4
5124,65270,4
5125,75322,3
5126,67543,4
5127,74877,3
5128,81450,3
5129,54133,3
5130,74475,3
5131,47357,3
5132,74821,4
5133,76194,4
5134,72249,4
5135,76012,4
5136,73655,3
5137,74219,3
5138,69844,4
5139,66366,4
5140,50305,4
5141,58141,4
5142,90301,3
5143,68021,4
5144,83738,3
5145,67566,3
5146,73078,3
5147,66194,4
5148,70092,4
5149,70966,4
5150,69767,-1
5151,75250,4
5152,83966,4
5153,54183,4
5154,49450,4
5155,54809,4
5156,83840,4
5157,65814,3
5158,58614,3
5159,83643,4
5160,75248,4
5161,50887,4
5162,80748,-1
5163,88789,4
5164,74813,4
5165,88000,4
5166,74673,3
5167,70529,3
5168,55075,4
5169,87151,-1
5170,49668,3
5171,65788,4
5172,71693,4
5173,70515,4
5174,75467,3
5175,79190,4
5176,88255,4
5177,57719,3
5178,90323,-1
5179,76846,4
5180,84124,4
5181,47824,4
5182,82684,3
5183,70923,4
5184,49451,3
5185,56964,3
5186,75562,4
5187,70969,4
5188,67152,3
5189,85067,3
5190,69988,-1
5191,87215,-1
5192,87919,4
5193,71974,4
5194,92199,3
5195,83226,3
5196,82893,3
5197,80984,3
5198,77805,4
5199,66997,3
5200,71020,4
5201,68553,4
5202,76882,4
5203,78629,4
5204,75584,-1
5205,55116,4
5206,66815,4
5207,49226,4
5208,73284,-1
5209,90697,3
5210,92395,3
5211,52292,3
5212,44935,4
5213,71225,4
5214,81015,3
5215,88273,4
5216,70235,4
5217,70407,4
5218,70822,4
5219,68858,4
5220,73093,3
5221,87254,4
5222,64981,3
5223,77335,4
5224,72374,3
5225,49632,3
5226,75509,4
5227,65639,4
5228,81625,-1
5229,66210,3
5230,72864,4
5231,87061,3
5232,71014,4
5233,84110,4
5234,69635,4
5235,50815,4
5236,76359,3
5237,86523,-1
5238,50129,4
5239,77403,4
5240,57199,3
5241,46819,3
5242,76464,4
5243,44963,4
5244,88751,3
5245,78066,3
5246,74333,3
5247,56869,4
5248,70729,4
5249,77785,4
5250,76273,4
5251,76741,3
5252,47831,3
5253,69783,4
5254,67587,4
5255,80315,4
5256,54858,4
5257,48396,3
5258,87029,4
5259,67521,3
5260,54214,4
5261,53136,3
5262,86165,3
5263,193932,3
5264,86378,-1
5265,69841,3
5266,68243,4
5267,66234,4
5268,86676,4
5269,79815,3
5270,52122,3
5271,71770,3
5272,49624,4
5273,72255,4
5274,55312,4
5275,72723,4
5276,54431,4
5277,70029,4
5278,74991,-1
5279,80896,4
5280,57414,3
5281,86574,3
5282,74563,4
5283,84246,3
5284,73298,4
5285,54872,4
5286,84352,3
5287,82419,4
5288,86734,4
5289,47350,4
5290,67209,4
5291,46478,3
5292,78069,3
5293,67734,3
5294,74730,4
5295,68456,-1
5296,68063,3
5297,66617,4
5298,87157,3
5299,67042,3
5300,76536,3
5301,53857,4
5302,71344,4
5303,73693,4
5304,65231,4
5305,59629,4
5306,67245,3
5307,68789,3
5308,88383,4
5309,72871,4
5310,82406,4
5311,89968,3
5312,75081,4
5313,75199,4
5314,92361,-1
5315,68870,4
5316,49398,3
5317,84265,4
5318,67120,4
5319,67341,4
5320,75838,4
5321,82651,4
5322,86121,4
5323,77777,4
5324,76030,4
5325,48999,4
5326,81538,4
5327,69615,4
5328,49756,4
5329,76666,3
5330,101641,3
5331,81037,3
5332,68461,4
5333,54176,4
5334,47583,4
5335,71656,4
5336,76066,-1
5337,49392,4
5338,77707,4
5339,70191,4
5340,59678,3
5341,54058,4
5342,71361,4
5343,84901,3
5344,77150,4
5345,80905,4
5346,86101,4
5347,92480,-1
5348,58807,4
5349,72373,3
5350,73269,-1
5351,52881,4
5352,66977,4
5353,68438,4
5354,75268,4
5355,81103,3
5356,73447,3
5357,72435,4
5358,69695,4
5359,87395,-1
5360,72035,4
5361,72939,4
5362,70182,4
5363,84313,3
5364,71537,4
5365,76991,4
5366,66411,4
5367,88059,3
5368,70636,3
5369,72216,4
5370,83689,4
5371,66149,3
5372,72402,4
5373,71842,4
5374,88206,4
5375,52942,3
5376,107010,3
5377,48824,3
5378,86683,4
5379,81389,4
5380,71204,4
5381,88697,-1
5382,92356,-1
5383,70876,4
5384,86362,4
5385,69779,4
5386,74757,4
5387,80410,4
5388,71201,4
5389,75615,4
5390,74276,3
5391,44805,4
5392,77765,4
5393,45469,4
5394,66759,3
5395,49631,4
5396,86095,4
5397,82886,4
5398,78067,3
5399,86170,4
5400,70991,4
5401,49265,3
5402,87313,3
5403,86720,3
5404,72209,4
5405,84278,-1
5406,74889,3
5407,52261,3
5408,65776,3
5409,74299,4
5410,74671,4
5411,66544,4
5412,65595,3
5413,83804,4
5414,82018,3
5415,82870,3
5416,74415,4
5417,65403,3
5418,57557,4
5419,79858,3
5420,54707,4
5421,67288,3
5422,45365,4
5423,76618,4
5424,71069,4
5425,79342,3
5426,87024,4
5427,70375,4
5428,77250,3
5429,81298,4
5430,86247,3
5431,49851,4
5432,47811,3
5433,87984,-1
5434,66813,4
5435,74992,4
5436,56836,4
5437,64920,3
5438,54072,3
5439,71915,3
5440,68229,3
5441,65536,3
5442,70118,4
5443,66838,4
5444,88168,4
5445,91035,3
5446,82736,3
5447,55108,4
5448,76136,4
5449,67105,3
5450,84305,4
5451,47352,4
5452,69324,4
5453,71613,4
5454,50295,3
5455,82105,3
5456,55559,3
5457,65025,4
5458,85779,4
5459,65094,4
5460,67593,4
5461,45575,4
5462,67097,4
5463,70347,4
5464,89308,-1
5465,78503,3
5466,63542,4
5467,47390,4
5468,71502,4
5469,74905,3
5470,52897,4
5471,82989,3
5472,65821,4
5473,77798,4
5474,68197,4
5475,83683,4
5476,70806,4
5477,58324,4
5478,47343,4
5479,70524,4
5480,51083,3
5481,74551,3
5482,76082,3
5483,68520,4
5484,76137,4
5485,49694,4
5486,55579,4
5487,80950,3
5488,77132,4
5489,88544,3
5490,52646,4
5491,45610,4
5492,79695,3
5493,57152,3
5494,70792,4
5495,83142,-1
5496,70921,4
5497,70135,3
5498,50079,4
5499,55939,4
5500,67116,4
5501,83717,4
5502,72544,4
5503,106723,3
5504,66914,4
5505,52873,3
5506,75757,4
5507,74372,4
5508,86154,4
5509,82576,3
5510,52649,4
5511,73451,4
5512,78779,3
5513,68204,4
5514,65962,3
5515,75254,4
5516,88891,3
5517,46635,4
5518,70030,4
5519,55353,4
5520,70499,3
5521,88284,4
5522,77157,4
5523,72621,4
5524,65080,4
5525,80912,4
5526,46917,4
5527,48361,4
5528,86674,4
5529,56926,3
5530,66829,4
5531,67186,3
5532,80879,4
5533,48707,4
5534,75057,4
5535,72448,4
5536,54344,4
5537,74676,4
5538,72818,4
5539,74109,4
5540,90466,-1
5541,47099,4
5542,74618,4
5543,86722,-1
5544,89824,3
5545,75961,4
5546,71270,3
5547,66199,3
5548,75565,-1
5549,75152,4
5550,90571,-1
5551,49379,4
5552,54989,4
5553,78519,-1
5554,58357,3
5555,71053,4
5556,88008,-1
5557,49776,4
5558,47579,3
5559,87164,-1
5560,71446,4
5561,64916,4
5562,65904,4
5563,70873,4
5564,77070,4
5565,73646,4
5566,55066,4
5567,55293,4
5568,76998,4
5569,55570,4
5570,52342,4
5571,79336,4
5572,90279,3
5573,76440,4
5574,75574,4
5575,69644,3
5576,46936,4
5577,78002,4
5578,75055,4
5579,78585,4
5580,81959,4
5581,70159,3
5582,56993,4
5583,66235,4
5584,59540,4
5585,66777,4
5586,83295,-1
5587,49912,4
5588,90393,3
5589,75011,4
5590,53152,3
5591,67980,4
5592,89867,3
5593,70988,4
5594,75768,4
5595,90349,-1
5596,51442,4
5597,67076,4
5598,73129,4
5599,54848,4
5600,55964,4
5601,71428,3
5602,88721,-1
5603,85675,4
5604,74812,4
5605,73227,4
5606,84427,3
5607,86520,-1
5608,67307,4
5609,70672,4
5610,63564,4
5611,51414,4
5612,92371,3
5613,85631,4
5614,74332,4
5615,90175,3
5616,67667,4
5617,73246,3
5618,51823,4
5619,75459,4
5620,55335,4
5621,54640,4
5622,83243,-1
5623,77814,4
5624,82211,3
5625,76838,4
5626,45247,4
5627,65486,3
5628,71871,3
5629,88979,3
5630,82412,4
5631,76358,3
5632,71913,4
5633,58822,4
5634,70289,4
5635,83652,4
5636,70870,4
5637,102333,3
5638,84981,3
5639,88446,-1
5640,76201,3
5641,69021,3
5642,66564,4
5643,71780,4
5644,46808,4
5645,87211,3
5646,72345,-1
5647,67400,4
5648,55121,4
5649,75875,3
5650,80519,3
5651,70468,4
5652,70706,4
5653,69022,4
5654,86483,4
5655,74452,4
5656,55113,3
5657,72863,4
5658,55364,4
5659,74379,4
5660,67107,4
5661,70546,3
5662,50798,4
5663,57366,4
5664,48201,4
5665,59531,-1
5666,66983,4
5667,67305,-1
5668,79941,3
5669,55496,4
5670,74430,3
5671,71728,4
5672,59694,4
5673,79238,4
5674,66960,3
5675,67884,4
5676,68497,3
5677,44840,4
5678,49736,4
5679,48386,3
5680,71457,4
5681,84294,4
5682,70908,4
5683,77757,4
5684,49915,3
5685,59012,3
5686,88004,-1
5687,55541,3
5688,49792,4
5689,57316,4
5690,66156,4
5691,44818,4
5692,86723,-1
5693,82416,4
5694,70565,4
5695,71620,4
5696,68646,3
5697,75425,4
5698,48430,4
5699,48595,4
5700,71251,4
5701,71651,4
5702,86150,4
5703,87996,4
5704,67567,4
5705,69048,4
5706,71354,4
5707,54074,4
5708,72019,4
5709,73469,3
5710,56971,4
5711,77057,4
5712,86858,3
5713,82706,3
5714,69698,4
5715,66548,4
5716,73800,4
5717,67435,3
5718,67946,3
5719,51212,4
5720,70121,3
5721,88370,4
5722,82235,4
5723,49391,4
5724,71412,3
5725,78626,4
5726,71089,3
5727,87542,3
5728,66201,4
5729,55160,4
5730,73145,3
5731,57363,4
5732,77655,3
5733,83972,4
5734,68179,4
5735,82293,4
5736,72782,4
5737,55659,3
5738,81570,3
5739,75705,4
5740,77844,4
5741,72205,4
5742,87071,4
5743,81791,4
5744,81895,-1
5745,88563,3
5746,81942,4
5747,83943,3
5748,49452,4
5749,74794,4
5750,82356,4
5751,86333,4
5752,75178,4
5753,84072,4
5754,67017,3
5755,54003,3
5756,82143,-1
5757,67326,3
5758,67360,4
5759,92524,3
5760,45765,4
5761,80901,4
5762,77295,3
5763,84449,3
5764,82449,4
5765,81449,4
5766,58492,4
5767,49412,4
5768,72648,4
5769,87079,4
5770,58378,4
5771,74463,4
5772,75619,4
5773,88031,3
5774,75645,4
5775,55584,4
5776,53876,4
5777,58417,4
5778,53223,3
5779,76781,4
5780,82424,4
5781,67835,3
5782,75204,4
5783,87237,4
5784,83811,4
5785,66682,4
5786,70083,4
5787,84859,-1
5788,65991,4
5789,74503,-1
5790,77535,4
5791,65052,4
5792,65261,4
5793,75375,3
5794,45825,4
5795,76001,4
5796,76169,4
5797,57062,4
5798,71076,4
5799,88313,4
5800,72934,4
5801,67232,4
5802,49201,4
5803,77224,-1
5804,57156,4
5805,66736,4
5806,82268,3
5807,49734,4
5808,78574,4
5809,52253,3
5810,82753,3
5811,70642,3
5812,66972,4
5813,58344,3
5814,58832,4
5815,71214,4
5816,77079,4
5817,76623,4
5818,71591,3
5819,67749,4
5820,81932,-1
5821,67504,4
5822,72370,4
5823,66565,4
5824,67270,3
5825,78373,4
5826,77952,4
5827,57394,4
5828,70241,4
5829,49208,4
5830,75230,4
5831,48419,4
5832,65550,3
5833,72266,4
5834,65328,4
5835,78393,4
5836,54084,4
5837,71545,3
5838,63553,4
5839,106300,3
5840,77905,4
5841,78578,4
5842,57075,3
5843,49577,3
5844,67798,4
5845,68070,3
5846,49252,3
5847,67727,4
5848,49503,4
5849,75068,4
5850,49140,4
5851,56705,3
5852,88547,3
5853,82744,3
5854,49952,4
5855,84205,4
5856,65093,3
5857,57724,3
5858,67982,4
5859,52387,3
5860,84892,3
5861,58604,3
5862,72819,4
5863,70832,4
5864,70618,4
5865,87167,4
5866,55109,4
5867,47346,4
5868,85942,3
5869,72331,3
5870,70487,4
5871,71512,4
5872,80928,4
5873,77228,3
5874,72671,4
5875,66161,4
5876,72506,3
5877,65996,3
5878,75534,4
5879,92104,-1
5880,85510,3
5881,82320,4
5882,65479,3
5883,76436,4
5884,66213,3
5885,87028,4
5886,83143,-1
5887,72134,4
5888,77211,4
5889,73072,3
5890,69647,-1
5891,48200,4
5892,85267,3
5893,48322,4
5894,65525,3
5895,67261,4
5896,50365,4
5897,76575,3
5898,70200,4
5899,51813,3
5900,76088,4
5901,68397,4
5902,67941,3
5903,49879,4
5904,54105,3
5905,44917,4
5906,47085,3
5907,93206,3
5908,89698,3
5909,72604,3
5910,77605,4
5911,54101,3
5912,76508,4
5913,74968,4
5914,75803,4
5915,90705,-1
5916,71603,4
5917,65180,4
5918,68995,4
5919,83677,4
5920,87293,3
5921,78038,4
5922,76270,4
5923,68325,4
5924,66295,4
5925,72698,3
5926,58853,4
5927,49774,4
5928,86158,3
5929,51809,4
5930,71815,3
5931,73657,4
5932,69006,4
5933,70852,4
5934,82896,3
5935,49604,4
5936,58615,4
5937,76414,4
5938,86498,4
5939,69051,4
5940,73510,4
5941,70972,4
5942,66220,4
5943,82649,3
5944,86854,3
5945,55080,4
5946,66469,4
5947,65948,4
5948,49978,3
5949,74772,3
5950,85411,3
5951,54337,4
5952,72783,3
5953,68215,4
5954,65365,3
5955,83344,3
5956,75655,3
5957,66609,4
5958,70087,4
5959,68882,4
5960,73237,4
5961,75665,4
5962,65233,4
5963,45565,4
5964,52116,4
5965,77755,4
5966,50029,4
5967,84297,4
5968,83254,-1
5969,69901,4
5970,54422,4
5971,50074,3
5972,54889,4
5973,76971,4
5974,71348,4
5975,47020,4
5976,73162,4
5977,66285,4
5978,88553,3
5979,82478,3
5980,67177,4
5981,88364,-1
5982,74924,3
5983,70989,4
5984,71896,4
5985,75054,4
5986,81010,3
5987,58839,4
5988,85875,3
5989,84826,3
5990,74910,4
5991,66895,4
5992,89180,3
5993,75919,3
5994,65473,3
5995,48457,4
5996,67920,4
5997,71621,4
5998,77111,4
5999,82343,4
6000,67699,3
6001,51740,4
6002,77462,3
6003,72697,4
6004,87082,4
6005,70945,4
6006,67418,3
6007,66043,3
6008,55512,3
6009,88267,4
6010,67047,4
6011,49118,3
6012,67445,4
6013,65593,3
6014,78385,4
6015,72183,4
6016,71418,4
6017,81886,3
6018,54229,3
6019,85184,3
6020,74660,4
6021,45940,4
6022,81309,4
6023,73437,4
6024,49440,4
6025,72826,4
6026,72175,4
6027,56959,4
6028,81217,4
6029,76145,4
6030,87460,3
6031,68636,3
6032,75598,4
6033,66763,3
6034,71239,4
6035,54988,4
6036,69077,3
6037,66364,4
6038,51168,4
6039,72584,4
6040,51217,4
6041,87939,3
6042,82357,4
6043,55480,4
6044,76448,4
6045,78658,4
6046,47420,4
6047,55062,4
6048,91135,3
6049,56976,3
6050,76421,3
6051,70877,4
6052,50146,4
6053,53167,3
6054,72008,3
6055,76754,4
6056,82481,3
6057,75679,4
6058,71187,4
6059,63528,4
6060,76620,4
6061,67515,4
6062,76410,4
6063,77083,4
6064,72979,4
6065,64967,4
6066,81798,4
6067,74926,3
6068,67007,3
6069,67523,4
6070,80746,3
6071,74619,4
6072,73253,3
6073,70209,4
6074,88589,3
6075,49248,4
6076,78339,4
6077,74600,4
6078,87077,-1
6079,48594,4
6080,51807,3
6081,71519,3
6082,52146,4
6083,57055,3
6084,49508,3
6085,83149,-1
6086,72924,4
6087,52033,4
6088,82033,3
6089,69078,3
6090,56711,3
6091,71336,4
6092,91627,-1
6093,92070,3
6094,52911,4
6095,66236,4
6096,71646,3
6097,76897,4
6098,90837,-1
6099,68505,-1
6100,74211,3
6101,72111,3
6102,52338,3
6103,52098,4
6104,70301,4
6105,70071,3
6106,44907,4
6107,68557,4
6108,56866,4
6109,65539,4
6110,55142,4
6111,88794,4
6112,82401,4
6113,65850,4
6114,82265,3
6115,75114,4
6116,65656,4
6117,73433,4
6118,72002,4
6119,67347,4
6120,83555,4
6121,49780,4
6122,48372,4
6123,107114,3
6124,75823,4
6125,86950,4
6126,44796,4
6127,76514,4
6128,51413,4
6129,84416,-1
6130,49968,4
6131,66303,4
6132,58493,4
6133,78413,4
6134,67769,4
6135,68007,3
6136,74411,4
6137,77914,4
6138,70824,4
6139,54053,3
6140,56082,3
6141,80395,3
6142,56989,3
6143,82302,3
6144,67338,4
6145,86850,3
6146,57315,3
6147,76002,4
6148,70304,4
6149,57059,4
6150,77080,4
6151,70198,4
6152,51737,4
6153,67992,3
6154,76783,4
6155,51728,4
6156,83916,3
6157,51804,4
6158,85488,3
6159,55482,4
6160,71847,3
6161,92365,-1
6162,65836,4
6163,74917,3
6164,75295,4
6165,71184,4
6166,59008,3
6167,65006,4
6168,66542,4
6169,56615,4
6170,68818,3
6171,58481,4
6172,47756,4
6173,88197,4
6174,88052,3
6175,75542,3
6176,74782,4
6177,102410,3
6178,49403,4
6179,75620,4
6180,88189,4
6181,75266,4
6182,57775,4
6183,70278,4
6184,65942,4
6185,55955,4
6186,49304,3
6187,65416,3
6188,81297,3
6189,66933,4
6190,75177,4
6191,52105,4
6192,50828,4
6193,69847,4
6194,66989,4
6195,54546,4
6196,65120,3
6197,67460,4
6198,75391,3
6199,67517,3
6200,73413,3
6201,70586,3
6202,68167,4
6203,46947,4
6204,82175,4
6205,87013,4
6206,49820,3
6207,76955,4
6208,74645,4
6209,57441,4
6210,84697,3
6211,53998,3
6212,74617,4
6213,49280,4
6214,76797,3
6215,70885,4
6216,49454,4
6217,49526,3
6218,58998,4
6219,71490,3
6220,49861,4
6221,69058,4
6222,45742,4
6223,70749,3
6224,74930,3
6225,67571,3
6226,75335,3
6227,55120,3
6228,68247,3
6229,68259,4
6230,80886,3
6231,69655,3
6232,69965,3
6233,51492,4
6234,66806,4
6235,68281,4
6236,67814,3
6237,74340,4
6238,49203,3
6239,66592,4
6240,78422,4
6241,45987,3
6242,45615,4
6243,72324,4
6244,80878,3
6245,87382,3
6246,50901,4
6247,81807,4
6248,49646,4
6249,49382,3
6250,78898,4
6251,72366,4
6252,81733,4
6253,45837,3
6254,92459,3
6255,80146,-1
6256,77099,4
6257,69808,4
6258,72724,3
6259,67672,3
6260,82715,3
6261,80843,3
6262,76817,4
6263,65898,4
6264,52386,3
6265,71311,4
6266,53842,3
6267,75759,4
6268,66811,4
6269,84284,4
6270,66238,4
6271,70379,4
6272,82494,3
6273,49777,4
6274,77508,4
6275,49405,3
6276,76892,4
6277,84450,3
6278,86359,4
6279,67852,3
6280,78368,4
6281,65953,4
6282,90478,3
6283,72691,4
6284,83816,4
6285,69909,3
6286,65879,4
6287,74393,3
6288,57697,4
6289,66465,-1
6290,74540,4
6291,54326,3
6292,75563,3
6293,72558,4
6294,70446,4
6295,56975,3
6296,65774,-1
6297,83847,4
6298,65425,3
6299,48428,4
6300,93184,3
6301,83965,4
6302,71804,3
6303,68187,4
6304,66900,4
6305,90663,-1
6306,65790,4
6307,59724,4
6308,58325,3
6309,67472,4
6310,58364,3
6311,88252,4
6312,54871,4
6313,71403,4
6314,48801,4
6315,75009,4
6316,72141,4
6317,69667,3
6318,52148,4
6319,68114,4
6320,84432,3
6321,66022,4
6322,49690,3
6323,67106,3
6324,68492,4
6325,66391,4
6326,81672,-1
6327,59685,3
6328,68998,3
6329,71099,4
6330,65812,3
6331,71546,4
6332,50084,3
6333,58626,4
6334,84051,4
6335,68843,3
6336,56945,3
6337,49621,3
6338,57488,3
6339,71843,4
6340,68999,3
6341,49696,4
6342,85492,3
6343,48370,4
6344,54046,4
6345,75471,4
6346,71586,3
6347,76063,3
6348,66697,4
6349,77137,4
6350,84470,4
6351,74871,3
6352,75997,3
6353,86642,4
6354,91989,-1
6355,77608,4
6356,72379,3
6357,81901,-1
6358,91027,3
6359,78568,3
6360,65500,4
6361,56968,3
6362,76166,4
6363,51133,4
6364,75109,3
6365,71543,4
6366,70833,4
6367,76636,4
6368,71952,3
6369,67045,3
6370,65472,3
6371,52037,4
6372,67737,3
6373,57550,-1
6374,80737,3
6375,65126,4
6376,65450,3
6377,88497,3
6378,81701,-1
6379,74831,4
6380,71454,4
6381,74764,4
6382,86725,3
6383,45374,4
6384,49563,4
6385,55999,4
6386,79530,-1
6387,72077,-1
6388,70390,4
6389,75329,4
6390,77985,4
6391,67705,3
6392,54985,4
6393,81879,-1
6394,58683,4
6395,57740,4
6396,70022,4
6397,63540,3
6398,70175,3
6399,69915,4
6400,58605,4
6401,66246,4
6402,75127,3
6403,92309,3
6404,72846,4
6405,88710,3
6406,81346,4
6407,88146,4
6408,55569,4
6409,83644,4
6410,70516,3
6411,78359,4
6412,49560,3
6413,65840,4
6414,72866,4
6415,75524,-1
6416,65322,-1
6417,70170,3
6418,75436,3
6419,75840,4
6420,51275,4
6421,67072,3
6422,75139,4
6423,54642,4
6424,71022,4
6425,66056,3
6426,81535,4
6427,66556,4
6428,56935,4
6429,69601,4
6430,66132,4
6431,65602,3
6432,49900,4
6433,58305,3
6434,56678,3
6435,66784,4
6436,72274,3
6437,66555,4
6438,67379,3
6439,57750,4
6440,54863,4
6441,76628,3
6442,82174,4
6443,70842,4
6444,69886,4
6445,77476,4
6446,72600,3
6447,69940,4
6448,74920,4
6449,72099,4
6450,88521,3
6451,50796,4
6452,81731,4
6453,85554,3
6454,85311,3
6455,70489,3
6456,77131,4
6457,47371,3
6458,44830,4
6459,57188,3
6460,82887,4
6461,72545,3
6462,70889,3
6463,47965,4
6464,88686,-1
6465,73000,3
6466,82465,3
6467,69075,3
6468,93189,3
6469,67687,3
6470,50026,3
6471,77027,4
6472,65869,3
6473,45971,4
6474,75163,4
6475,66040,4
6476,77984,4
6477,78877,4
6478,84219,3
6479,68920,4
6480,76310,3
6481,82831,3
6482,84440,3
6483,85170,3
6484,71775,4
6485,77958,3
6486,68244,3
6487,76158,4
6488,44913,-1
6489,82282,4
6490,48391,4
6491,71212,4
6492,72617,3
6493,64999,4
6494,71195,3
6495,88335,-1
6496,57334,4
6497,58355,3
6498,81642,4
6499,77742,4
6500,86026,-1
6501,52258,3
6502,72463,4
6503,75854,3
6504,84254,4
6505,71160,4
6506,74995,4
6507,77437,4
6508,77771,4
6509,51157,4
6510,82330,4
6511,70631,3
6512,87300,4
6513,65913,4
6514,72269,4
6515,47387,3
6516,77746,4
6517,65988,4
6518,57701,4
6519,49250,3
6520,70215,4
6521,66551,3
6522,50132,3
6523,84865,3
6524,72247,4
6525,66237,4
6526,54335,4
6527,59704,4
6528,75635,3
6529,65284,4
6530,68153,4
6531,72425,4
6532,68954,4
6533,88209,4
6534,77039,4
6535,73190,4
6536,73682,3
6537,56861,3
6538,65409,3
6539,90351,3
6540,86144,4
6541,90458,-1
6542,74535,3
6543,75761,4
6544,71174,4
6545,55351,4
6546,90051,3
6547,65110,3
6548,77876,3
6549,52080,4
6550,66882,3
6551,86696,3
6552,87899,4
6553,89243,3
6554,86977,4
6555,66892,3
6556,76455,4
6557,84386,3
6558,48932,4
6559,71357,3
6560,71009,4
6561,70334,4
6562,76291,4
6563,70294,4
6564,72133,-1
6565,56921,4
6566,74705,4
6567,55435,4
6568,76262,4
6569,82237,3
6570,71709,4
6571,74896,4
6572,71860,4
6573,49160,3
6574,74861,-1
6575,70508,4
6576,90021,3
6577,69641,3
6578,49995,3
6579,74570,4
6580,84881,3
6581,69994,4
6582,47983,3
6583,68280,4
6584,82530,4
6585,76265,3
6586,51205,4
6587,55092,4
6588,71719,4
6589,74389,3
6590,72790,3
6591,86421,4
6592,63504,4
6593,85726,-1
6594,65820,4
6595,51161,4
6596,77854,4
6597,48892,4
6598,70470,4
6599,67748,4
6600,50361,4
6601,89495,3
6602,90336,-1
6603,86477,-1
6604,73126,3
6605,69912,3
6606,55622,3
6607,85457,3
6608,86325,4
6609,63515,4
6610,85525,3
6611,52371,3
6612,77513,4
6613,88561,3
6614,86326,4
6615,65124,4
6616,67692,3
6617,58339,3
6618,66680,4
6619,51132,3
6620,74375,4
6621,70331,4
6622,86548,4
6623,70922,4
6624,104223,3
6625,67113,3
6626,64992,4
6627,86352,-1
6628,83135,4
6629,45325,4
6630,74932,4
6631,65848,4
6632,47376,3
6633,65613,4
6634,81822,4
6635,45849,4
6636,82358,-1
6637,77766,3
6638,86868,4
6639,72741,3
6640,49812,4
6641,74963,4
6642,56727,4
6643,65634,4
6644,46906,3
6645,65027,3
6646,68119,3
6647,54328,3
6648,68859,4
6649,53056,4
6650,67802,4
6651,72938,4
6652,48447,4
6653,73069,3
6654,65339,4
6655,84093,4
6656,72601,3
6657,70541,4
6658,65410,4
6659,76972,4
6660,83950,-1
6661,69774,3
6662,46104,4
6663,51347,4
6664,77217,4
6665,87895,4
6666,45727,4
6667,87273,3
6668,51144,3
6669,90883,-1
6670,49892,4
6671,67204,4
6672,58611,4
6673,58310,3
6674,67843,4
6675,74696,-1
6676,55317,4
6677,70267,4
6678,71961,4
6679,72017,3
6680,78563,4
6681,46813,3
6682,67111,4
6683,77939,4
6684,73124,3
6685,76935,4
6686,74342,4
6687,54876,4
6688,66879,4
6689,64982,4
6690,69975,4
